path,kind,sha256,source,evidence,next_action
"NOTICE.md","artwork-other","61460f22b2e609984751c25e0db73c1b0eaaa2935b9484907761900ebd87bdea","No item-specific permission located","","Locate original creator/license or replace with documented original content"
"public/assets/badges/ct_coin.png","artwork-other","0f253d0b163725d62bfe93acd1770e1daaac5d4592941e0b5c56625e43cdbc99","No item-specific permission located","","Locate original creator/license or replace with documented original content"
"public/assets/badges/ct_coin.webp","artwork-other","5c241ddb42d31896f8b8cfcb666c2d0c8e7373ae91bc13aa983cb4d88dca5460","No item-specific permission located","","Locate original creator/license or replace with documented original content"
"public/assets/badges/fire.png","artwork-other","3cddaabb59b70fe5303672931530627c1695d062efbaf6cda8dddd393c6666a9","No item-specific permission located","","Locate original creator/license or replace with documented original content"
"public/assets/badges/fire.webp","artwork-other","006063ad77752eeb4a8542287334f656640f5f7c3e905f232970d43c7f9ad9b2","No item-specific permission located","","Locate original creator/license or replace with documented original content"
"public/assets/badges/ice.png","artwork-other","291673144a135c6ac1a7a29556f9d9721f3d52ccdcd7f24c198902384e153eee","No item-specific permission located","","Locate original creator/license or replace with documented original content"
"public/assets/badges/ice.webp","artwork-other","2acedf2c8a23f5eaedba18f1dbfa1cc962104f05f2e52033df13079d4501b5a6","No item-specific permission located","","Locate original creator/license or replace with documented original content"
"public/assets/badges/injury.png","artwork-other","dce563e4b6d54630e08e49084ab95b55f9603add0045f938f6c10770bf6670c7","No item-specific permission located","","Locate original creator/license or replace with documented original content"
"public/assets/badges/injury.webp","artwork-other","b4e8263de3be5384104aa83910465f21f344a688085f3e01f8b75937cc71e78f","No item-specific permission located","","Locate original creator/license or replace with documented original content"
"public/assets/badges/legend.png","artwork-other","c1ca9910f1e40871a5c4980b1b06c11b0eed7dc10941b33c54b81710114f454b","No item-specific permission located","","Locate original creator/license or replace with documented original content"
"public/assets/badges/legend.webp","artwork-other","644c4cf2e7554f99d5a09b531a76c36b83357bd6c79b26c9595803e471370118","No item-specific permission located","","Locate original creator/license or replace with documented original content"
"public/assets/badges/t_coin.png","artwork-other","2770339d6b7037c954c6dde6641c2aef56af43aae66525cba9304c1f66ece16c","No item-specific permission located","","Locate original creator/license or replace with documented original content"
"public/assets/badges/t_coin.webp","artwork-other","68e14fd1847432734b0b08a351b75331a89ae8cabb0a9b79f971650e0313e39b","No item-specific permission located","","Locate original creator/license or replace with documented original content"
"public/assets/country/AU.webp","artwork-other","8e5eed6a753ba813050df3104addbf4ae0bf13cebe52aadc188e27bf8fc026e6","No item-specific permission located","","Locate original creator/license or replace with documented original content"
"public/assets/country/BA.webp","artwork-other","61ef9f72f6c6fc67715b0be8ce2cb04eade1acc001f7934a0d4135ffcd59ece2","No item-specific permission located","","Locate original creator/license or replace with documented original content"
"public/assets/country/BR.webp","artwork-other","62ee5b9006a74afc8013e44c8dbad06a14e28616b8bb277fc15ad363de63f731","No item-specific permission located","","Locate original creator/license or replace with documented original content"
"public/assets/country/BY.webp","artwork-other","f8bc19f94b59ad45c3f9adbe7ae4cf3d4faa05a58c7863bd3e84a2ed6818e286","No item-specific permission located","","Locate original creator/license or replace with documented original content"
"public/assets/country/CA.webp","artwork-other","52b4471d17059fe00413983b026934b8ce5eeaefe2c7bf9ffc1c6034eb35cd5e","No item-specific permission located","","Locate original creator/license or replace with documented original content"
"public/assets/country/CL.webp","artwork-other","550db826dd7ff0d275cd87d8a199dcc1885235d58c237400a19d573efb1591ab","No item-specific permission located","","Locate original creator/license or replace with documented original content"
"public/assets/country/CZ.webp","artwork-other","6cf329cc23238ba09362bf7a90c1cbbf24b9fbdd94ae996baa3c6a210cc2f979","No item-specific permission located","","Locate original creator/license or replace with documented original content"
"public/assets/country/DK.webp","artwork-other","00bd59dc9998d3d7fedab60087d69a445960690fd2ce6e388c7d075fb1d0825e","No item-specific permission located","","Locate original creator/license or replace with documented original content"
"public/assets/country/EE.webp","artwork-other","e6a8e68c7ab9509c6a7c5b6f8e7935f9c84f4a0c793ae1402a7209dbd7e55bc2","No item-specific permission located","","Locate original creator/license or replace with documented original content"
"public/assets/country/ES.webp","artwork-other","5f3aec28883a23cbcd15cecce32622e4e1dcbd22fec1f0780bbcd5ee4798ff8c","No item-specific permission located","","Locate original creator/license or replace with documented original content"
"public/assets/country/FI.webp","artwork-other","07d5824afba48117f8d9d38f9744040ade78947b59d1244895350f7e7fa8e260","No item-specific permission located","","Locate original creator/license or replace with documented original content"
"public/assets/country/FR.webp","artwork-other","2b7d15a74c21a1902ee39742d54e26f968fc83e0f518ada20700f0b636590f46","No item-specific permission located","","Locate original creator/license or replace with documented original content"
"public/assets/country/GB.webp","artwork-other","0f1aae213a717ae11dd67068f2b6c8de8fd1bb804fcf965184c152a4a71c1295","No item-specific permission located","","Locate original creator/license or replace with documented original content"
"public/assets/country/GT.webp","artwork-other","845181154e80355ac33d3b6c7654c5e7518a137d90419536ea4847a791c4f318","No item-specific permission located","","Locate original creator/license or replace with documented original content"
"public/assets/country/HU.webp","artwork-other","4d7927d3b0488408e9ae66ffbc92bf403ea7c6626184926b830087ea72082aba","No item-specific permission located","","Locate original creator/license or replace with documented original content"
"public/assets/country/IL.webp","artwork-other","47974a6db228baed1ecc6dce88e3be2228d480aa3090d531aa22c58e29eae0f6","No item-specific permission located","","Locate original creator/license or replace with documented original content"
"public/assets/country/KZ.webp","artwork-other","d0c7e4c5166c6d60b4f18d2a590194c967842158611341b7f4a746f9196425fa","No item-specific permission located","","Locate original creator/license or replace with documented original content"
"public/assets/country/LT.webp","artwork-other","88f140c9339836ca195eab521667fbbc0672da80a71d3822c9f2da8c4ae01021","No item-specific permission located","","Locate original creator/license or replace with documented original content"
"public/assets/country/LV.webp","artwork-other","74dac0c0724d80ceeef97459aef2d744fb2c254ed059d14cde760b85991f3d86","No item-specific permission located","","Locate original creator/license or replace with documented original content"
"public/assets/country/MK.webp","artwork-other","225f3bc1f5999c3b7e076c7c8473710a8ae7ac72c948592f8439d14c61302390","No item-specific permission located","","Locate original creator/license or replace with documented original content"
"public/assets/country/MN.webp","artwork-other","fb4f5f121ed33eb79c116c3f7344bfdc7697b08fbf82966ed3d8592b26c3c01f","No item-specific permission located","","Locate original creator/license or replace with documented original content"
"public/assets/country/MX.webp","artwork-other","3c2639fc52b988f1261ab2257fc9244d01c85d7eb2a337e13430ae1a26a4e331","No item-specific permission located","","Locate original creator/license or replace with documented original content"
"public/assets/country/PL.webp","artwork-other","77d5317f25821c617bc6f61481995f3afb1ce8c9829268b62887ae6d7a028498","No item-specific permission located","","Locate original creator/license or replace with documented original content"
"public/assets/country/RO.webp","artwork-other","8420731d46842c2cd863894e4536c2d78074680d86e585f04c43d1f033cafb81","No item-specific permission located","","Locate original creator/license or replace with documented original content"
"public/assets/country/RU.webp","artwork-other","26c51c5f92c6e3ae57050f221a97d408a5b66e1b307b153e29667de3a53bb47a","No item-specific permission located","","Locate original creator/license or replace with documented original content"
"public/assets/country/SE.webp","artwork-other","3a26b0ec658776a4d30fd6f4e71d8d46d97a95548f1c4d3371c0cd075e2b245a","No item-specific permission located","","Locate original creator/license or replace with documented original content"
"public/assets/country/SK.webp","artwork-other","9fd32679d1a27252571aca65a5240812dcea2529a16da598ebf896229c1c2801","No item-specific permission located","","Locate original creator/license or replace with documented original content"
"public/assets/country/TR.webp","artwork-other","d4ffc2437edee84769d7e13b35c7f76e6b76e5d1ef1bfb203227463f82cc2a3b","No item-specific permission located","","Locate original creator/license or replace with documented original content"
"public/assets/country/UA.webp","artwork-other","df47c3c0e1fd912778fd5cda8b0d1b90166eda9b6997dc8ce56a7e67040910a5","No item-specific permission located","","Locate original creator/license or replace with documented original content"
"public/assets/country/US.webp","artwork-other","8c5ce65a74e2233fec98a49385a9f53213733282937fe9dc908bda13ed618c9d","No item-specific permission located","","Locate original creator/license or replace with documented original content"
"public/assets/country/UY.webp","artwork-other","3c7f6bf31bf6bc25dd1ae581f7f8b020138fead9218df07e607c9d577215888a","No item-specific permission located","","Locate original creator/license or replace with documented original content"
"public/assets/country/VE.webp","artwork-other","d49235c3c65874a98f6bc5a696d3bc77bca21fc9b85ef3c1f00ffc8c8328870e","No item-specific permission located","","Locate original creator/license or replace with documented original content"
"public/assets/country/XK.webp","artwork-other","77f1a17e1e5630f3f58ee1df2a79157cf7b7dd88a1856ea3df7f46040ab8cf7e","No item-specific permission located","","Locate original creator/license or replace with documented original content"
"public/assets/equipment/chair_t1.png","artwork-other","f88b1a85dfd286d8a912f4c9c6aa60216490fe07ad6b78f67f8ceb53b0d0eb11","No item-specific permission located","","Locate original creator/license or replace with documented original content"
"public/assets/equipment/chair_t1.webp","artwork-other","a07f5d3bfab5d0aef9ec06edbc538e8c1725307a64a1872dca3e55df969f1fb0","No item-specific permission located","","Locate original creator/license or replace with documented original content"
"public/assets/equipment/chair_t2.png","artwork-other","02a3ae14dcd3d47e763f3e4fa28b53309b43c6c336af3947a675877247986ee3","No item-specific permission located","","Locate original creator/license or replace with documented original content"
"public/assets/equipment/chair_t2.webp","artwork-other","ef5686a969dd543abe0c9ef2afb6888663a847fabf9f0de1f73d698e4664b680","No item-specific permission located","","Locate original creator/license or replace with documented original content"
"public/assets/equipment/chair_t3.png","artwork-other","b15c597a8d044954fe23ee03d930a50e06c366fd25c49433fd0b38e90b6f138e","No item-specific permission located","","Locate original creator/license or replace with documented original content"
"public/assets/equipment/chair_t3.webp","artwork-other","47ea7db595db131b3cd58fa00c4be44946d18f77b15f593358e152460180992f","No item-specific permission located","","Locate original creator/license or replace with documented original content"
"public/assets/equipment/equipment_armor.png","artwork-other","47a6d3607314004955e34f043592023d008ba0f8d4020154cf361dfdd2f755ed","No item-specific permission located","","Locate original creator/license or replace with documented original content"
"public/assets/equipment/equipment_armor.webp","artwork-other","e3fafaaa74df4a8c56cfb95df2d9a428040a41ffff9a24f0a445e287f2e84e97","No item-specific permission located","","Locate original creator/license or replace with documented original content"
"public/assets/equipment/equipment_armor_kevlar.png","artwork-other","7a0930b57864556f98534a9e5a37b82e9275df63deb17e81896134429c79b9e3","No item-specific permission located","","Locate original creator/license or replace with documented original content"
"public/assets/equipment/equipment_armor_kevlar.webp","artwork-other","c562ef34a56410332e98b3c751aa55ab2496fe1a4d0f84481ca73c59cb9472a6","No item-specific permission located","","Locate original creator/license or replace with documented original content"
"public/assets/equipment/equipment_defuse.png","artwork-other","0bca1efc7dafab261691fbe488a0a9fae61397f4b08929b4f3597cf0999abeb6","No item-specific permission located","","Locate original creator/license or replace with documented original content"
"public/assets/equipment/equipment_defuse.webp","artwork-other","eab60efef1dfbd37d04c125f5870058ae8d3066999076303caa4c9867a9e04a1","No item-specific permission located","","Locate original creator/license or replace with documented original content"
"public/assets/equipment/headset_t1.png","artwork-other","3c53a2bf566eee96eb9c433674e688f48b378fd2ae1861901a19ce11ccf8c5d6","No item-specific permission located","","Locate original creator/license or replace with documented original content"
"public/assets/equipment/headset_t1.webp","artwork-other","90afdbe6c4d16392857e3fa82b41a06c558dcc7bf6fd7b498f5ad96ee731f4b9","No item-specific permission located","","Locate original creator/license or replace with documented original content"
"public/assets/equipment/headset_t2.png","artwork-other","230ab8b4074236ea1c3e9acf12a207b627751dc3c30aea8eb52ef7feaa7d4602","No item-specific permission located","","Locate original creator/license or replace with documented original content"
"public/assets/equipment/headset_t2.webp","artwork-other","b2a2ce2d55da171fae9fe4e680fda72d570aecdd884ca4c25b054fe6763e6faa","No item-specific permission located","","Locate original creator/license or replace with documented original content"
"public/assets/equipment/headset_t3.png","artwork-other","9ec43e8c87daec27100b8d64a59a042ed798ffdbd68837b7a1f71cb72b5dd377","No item-specific permission located","","Locate original creator/license or replace with documented original content"
"public/assets/equipment/headset_t3.webp","artwork-other","a2138c9fa218f33e1b95c30f46875d699a1b3763ddf0b39e7dfdd9bcb10e6eca","No item-specific permission located","","Locate original creator/license or replace with documented original content"
"public/assets/equipment/keyboard_t1.png","artwork-other","6cd31780846d2900f929488ff4d0bd8df8796fe20cfc7b59c130cb7a87ae4785","No item-specific permission located","","Locate original creator/license or replace with documented original content"
"public/assets/equipment/keyboard_t1.webp","artwork-other","92343cdb9e3d291c9796ce330cdc1b0f0d43f7bfa3dcef4ef5d9eb6cf23fabca","No item-specific permission located","","Locate original creator/license or replace with documented original content"
"public/assets/equipment/keyboard_t2.png","artwork-other","04a0d30855c5c841c175c1c1734bac9adeb0cfde99586c647e2b741687e7d3e6","No item-specific permission located","","Locate original creator/license or replace with documented original content"
"public/assets/equipment/keyboard_t2.webp","artwork-other","c5e25f87a0ac33c7a7c4fb3e7c5a7ddfaa93d726dc8c4eb5868f4fa86d1ad39e","No item-specific permission located","","Locate original creator/license or replace with documented original content"
"public/assets/equipment/keyboard_t3.png","artwork-other","f75407b755efcf50efb5ea74ef5e61cafddeae630ec79282cde723efd100f062","No item-specific permission located","","Locate original creator/license or replace with documented original content"
"public/assets/equipment/keyboard_t3.webp","artwork-other","c205c21aa8b46f318f6cd697e67fdd25d7929f2b32f1a2b511c59e1c3e7a4b26","No item-specific permission located","","Locate original creator/license or replace with documented original content"
"public/assets/equipment/monitor_t1.png","artwork-other","2f3936196d91679bb9db5ed8ab95e7ea334fe2a3254ad18903ee008a599b44c5","No item-specific permission located","","Locate original creator/license or replace with documented original content"
"public/assets/equipment/monitor_t1.webp","artwork-other","3a1ca468842285f6a6f207c43bf19add203505ddb620efd6d853e3971e902ba6","No item-specific permission located","","Locate original creator/license or replace with documented original content"
"public/assets/equipment/monitor_t2.png","artwork-other","cc9c0a2db72abbf00801e25a34a0f0b88f16ada53fbaea699e7d3e8573c59e5f","No item-specific permission located","","Locate original creator/license or replace with documented original content"
"public/assets/equipment/monitor_t2.webp","artwork-other","b0a448d76e836898e624c3e4e9e9194827ce0d1ee2b9c1ccc3100ab01959be94","No item-specific permission located","","Locate original creator/license or replace with documented original content"
"public/assets/equipment/monitor_t3.png","artwork-other","610bb6d38591e2628a8212ff7e330cedc06f2bcd889380af00fdef8e11cb3b04","No item-specific permission located","","Locate original creator/license or replace with documented original content"
"public/assets/equipment/monitor_t3.webp","artwork-other","2193285d2b1ccee6f2fa7bbc1522fe122cc4a85c8cdb45bdeccb503b43b24a45","No item-specific permission located","","Locate original creator/license or replace with documented original content"
"public/assets/equipment/mouse_t1.png","artwork-other","d5cb085990503e644d42a3f3a2322bf942197d1c3c243ed702bab6608ec17581","No item-specific permission located","","Locate original creator/license or replace with documented original content"
"public/assets/equipment/mouse_t1.webp","artwork-other","ef5b851ed93fef3ce171edea89fb1dee6b1ec1fab6924227a381cf261216b61b","No item-specific permission located","","Locate original creator/license or replace with documented original content"
"public/assets/equipment/mouse_t2.png","artwork-other","4005d6bb8e77b7e7d7b329e7020f538ee716c7a30fef108ba6da67207ec51bba","No item-specific permission located","","Locate original creator/license or replace with documented original content"
"public/assets/equipment/mouse_t2.webp","artwork-other","fc1b5278228b1b3fe3e7ff5318b578f39d919adbff747206e4290e44fe6f2667","No item-specific permission located","","Locate original creator/license or replace with documented original content"
"public/assets/equipment/mouse_t3.png","artwork-other","c3f3d9f39d7dfda8b02ea1d13a1370c04b441f06741d0882609c699a04d5432e","No item-specific permission located","","Locate original creator/license or replace with documented original content"
"public/assets/equipment/mouse_t3.webp","artwork-other","9298af93e21b1a411721a1eefdebace3513ab0877f8bf2dd987e75b3e18b7f29","No item-specific permission located","","Locate original creator/license or replace with documented original content"
"public/assets/equipment/pc_t1.png","artwork-other","6c0aa5339d445e6acd9d33a554afd956a3c3a8a85ea65f6f9a639d048627de5d","No item-specific permission located","","Locate original creator/license or replace with documented original content"
"public/assets/equipment/pc_t1.webp","artwork-other","bdf163235c560bf262e244bab735772783fd1ba50c54c044d795bee4f6d317da","No item-specific permission located","","Locate original creator/license or replace with documented original content"
"public/assets/equipment/pc_t2.png","artwork-other","dc6cc7c9cfdba6310f3ecf6e27e307d0b0455e720a8027faad929136f2637282","No item-specific permission located","","Locate original creator/license or replace with documented original content"
"public/assets/equipment/pc_t2.webp","artwork-other","3733acdbe36774280392c3375a130d1f4f3ccd102e8b10573d1c1e79a427f833","No item-specific permission located","","Locate original creator/license or replace with documented original content"
"public/assets/equipment/pc_t3.png","artwork-other","13625d10a75b43feb4b76d7ff16444de5cf8d2bc8c2c9b221c4a668c724cb257","No item-specific permission located","","Locate original creator/license or replace with documented original content"
"public/assets/equipment/pc_t3.webp","artwork-other","f956f7b571e2f7309008f397edd2a9124a61a47f3593cff588f292323ea77030","No item-specific permission located","","Locate original creator/license or replace with documented original content"
"public/assets/events/ace.png","artwork-other","50c76a49f99d1a4411fbd28909f6d5010fb0a9ea3f5ecb69424654ab1566896e","No item-specific permission located","","Locate original creator/license or replace with documented original content"
"public/assets/events/ace.webp","artwork-other","ceb2521cd807d81985cbd072c99e25c03b951be0e6f7c99dcaa55d902805bae7","No item-specific permission located","","Locate original creator/license or replace with documented original content"
"public/assets/events/clutch.png","artwork-other","9b32f93a8339c0d811900dc64d276e49709101747b2ef4e1002988569c397b72","No item-specific permission located","","Locate original creator/license or replace with documented original content"
"public/assets/events/clutch.webp","artwork-other","6b7a60f5089230fca18bcfe5fa496fb4cc78fc7d10f018d2cb1880345613fd4a","No item-specific permission located","","Locate original creator/license or replace with documented original content"
"public/assets/events/defuse.png","artwork-other","94eddc24e3ae38dbb4e09d42df0b5cb2c524f5ca80ba9a0b98fe7f1850e522e8","No item-specific permission located","","Locate original creator/license or replace with documented original content"
"public/assets/events/defuse.webp","artwork-other","269c97ed8d73b6da872693685971efa92320bdb62300e4603723b4c22c94ea77","No item-specific permission located","","Locate original creator/license or replace with documented original content"
"public/assets/events/headshot.png","artwork-other","3e42f0437c37790f3db522ad19ac3f50c7d0228dbdc5bd70247d36c2aa3f3714","No item-specific permission located","","Locate original creator/license or replace with documented original content"
"public/assets/events/headshot.webp","artwork-other","3c8079d033de4864ce7296a45ddb23f391c147e3497ff41e2155ba72cbc2f7c1","No item-specific permission located","","Locate original creator/license or replace with documented original content"
"public/assets/facilities/fan-zone.png","artwork-other","d0896d54fda0eb0d17edbb068b49223bddc3ee3ae30ee06f2046b811e5e6df31","No item-specific permission located","","Locate original creator/license or replace with documented original content"
"public/assets/facilities/fan-zone.webp","artwork-other","c33976fdf656982ec5b85f2a7efa604fe8dda6328b13fdcea2430bd9456de2c1","No item-specific permission located","","Locate original creator/license or replace with documented original content"
"public/assets/facilities/hq-overview.png","artwork-other","947d2025925fa7ebcf7fb0cf3290bb507ad5593529f940ffb033a0d2497c5b8f","No item-specific permission located","","Locate original creator/license or replace with documented original content"
"public/assets/facilities/hq-overview.webp","artwork-other","6b774461271e3ffff75b5e90c42355f94b4be181ad0861ba5d7b5d22ef1989c7","No item-specific permission located","","Locate original creator/license or replace with documented original content"
"public/assets/facilities/recovery-hub.png","artwork-other","3b938e527deacb1662e0270f2b887da8b4f522d55f0f9a2fb6c45b5f0e4cfed6","No item-specific permission located","","Locate original creator/license or replace with documented original content"
"public/assets/facilities/recovery-hub.webp","artwork-other","57901f11b8463253274754c797c7703a8628b5ffbae0e612690b143f702d850f","No item-specific permission located","","Locate original creator/license or replace with documented original content"
"public/assets/facilities/tactical-suite.png","artwork-other","587206a476c720d81c2d136151c2c1a38d636f2c38e35322608a74fdc008a72b","No item-specific permission located","","Locate original creator/license or replace with documented original content"
"public/assets/facilities/tactical-suite.webp","artwork-other","83065666c7b7596db84a27013d413a5da92d0ce9e5559ba0fcff01e70f893fff","No item-specific permission located","","Locate original creator/license or replace with documented original content"
"public/assets/facilities/training-room.png","artwork-other","5bf8a157ea9bebc541d65ab4560da66f9527b35fab55afbbaaab6039e672e075","No item-specific permission located","","Locate original creator/license or replace with documented original content"
"public/assets/facilities/training-room.webp","artwork-other","aee2ba64dcce85159c16c82c49e6189ab8b2e0f4f2ba583a861c99aff25227b0","No item-specific permission located","","Locate original creator/license or replace with documented original content"
"public/assets/flags/ar.svg","artwork-other","0828d651a95f39cea1e5d9d2ee30ec4dbcf55d70bdea39c89ec80c83226ad86d","No item-specific permission located","","Locate original creator/license or replace with documented original content"
"public/assets/flags/au.svg","artwork-other","b826e039804d5cf313bd7e22a40ea2239e8e22ddba7c19a8787dfaad1dda71aa","No item-specific permission located","","Locate original creator/license or replace with documented original content"
"public/assets/flags/ba.svg","artwork-other","1c83a2cf7e8366afb9d724f896902ec46a722739538349d6f41b0953d47f171f","No item-specific permission located","","Locate original creator/license or replace with documented original content"
"public/assets/flags/be.svg","artwork-other","95933c385c9e72479ec7e63f6cbca50d07695fd2e41fab334ea549c20b234fd1","No item-specific permission located","","Locate original creator/license or replace with documented original content"
"public/assets/flags/bg.svg","artwork-other","829c1f5f6f403632fd4710b8b7f3a313408e5285e4540af97950408ff9a5abfe","No item-specific permission located","","Locate original creator/license or replace with documented original content"
"public/assets/flags/br.svg","artwork-other","e0215eff9f53b0236db885963ac45d6baea52e10ce33ceafdbe0eb1820d21160","No item-specific permission located","","Locate original creator/license or replace with documented original content"
"public/assets/flags/by.svg","artwork-other","2af1ac1ecbfda4690e8b1b076def28e384aa69cbf5004ee37cef43665fd6e4f6","No item-specific permission located","","Locate original creator/license or replace with documented original content"
"public/assets/flags/ca.svg","artwork-other","3cd6c2b9fe12bc0617ef4374b570ad87920bae757a95b104384fc301352c6942","No item-specific permission located","","Locate original creator/license or replace with documented original content"
"public/assets/flags/ch.svg","artwork-other","a5ec3bbf0f3e686ea05ae17f51e8f3a287ad332217b679bbd393842b7d427859","No item-specific permission located","","Locate original creator/license or replace with documented original content"
"public/assets/flags/cl.svg","artwork-other","ca4d50dcf36926c82f02b895975f351a639b0aa1b91bb6ef776f4f07f225cc34","No item-specific permission located","","Locate original creator/license or replace with documented original content"
"public/assets/flags/cn.svg","artwork-other","ce797608958527808601798df00691aced6120bd600c0624161230020229dc99","No item-specific permission located","","Locate original creator/license or replace with documented original content"
"public/assets/flags/cz.svg","artwork-other","5f4ba801f6715e2d29f8b88f785bfc77a0dc1455a0f649626ad9a0cc66cd6df2","No item-specific permission located","","Locate original creator/license or replace with documented original content"
"public/assets/flags/de.svg","artwork-other","595d7718f6a22e5ea9de0cbbcabd857ac1892f4a6c81beb1ef936050193d9323","No item-specific permission located","","Locate original creator/license or replace with documented original content"
"public/assets/flags/dk.svg","artwork-other","eb4ea9929e6491fd0444ea5da5b9a19dda089a2ac758ad63956cfbcc7fa81cc3","No item-specific permission located","","Locate original creator/license or replace with documented original content"
"public/assets/flags/ee.svg","artwork-other","a880630e92f27af0f8f183023a98ed1e9fcee60a9dbcf721d0630fec5189ed36","No item-specific permission located","","Locate original creator/license or replace with documented original content"
"public/assets/flags/es.svg","artwork-other","d672868d51fc5b4f2d76f510c9360a4401bdb3ca805349bd04cb4ba277d5b379","No item-specific permission located","","Locate original creator/license or replace with documented original content"
"public/assets/flags/fi.svg","artwork-other","5d1ab833fc8f13fd2474b99286d063f2bcd4332cf859063841788f908656aa14","No item-specific permission located","","Locate original creator/license or replace with documented original content"
"public/assets/flags/fr.svg","artwork-other","09645c97a47436337d63cd54625200542c65e0e1c83b774a58c9d28d0555b0e7","No item-specific permission located","","Locate original creator/license or replace with documented original content"
"public/assets/flags/gb.svg","artwork-other","42f04826dd7a76e4ecdc9a55fb4a774a26e03a425ca1363628bb1c6f6ea1a87e","No item-specific permission located","","Locate original creator/license or replace with documented original content"
"public/assets/flags/ge.svg","artwork-other","dfba0d29f581ff00c2e46b69cc90e0e9ff6371ab92fbe300664f6622f7ca0355","No item-specific permission located","","Locate original creator/license or replace with documented original content"
"public/assets/flags/hk.svg","artwork-other","4c7cbced68ee586af8b3d73a8d8a8c404deaa271da7204eb2afe5c1b070972eb","No item-specific permission located","","Locate original creator/license or replace with documented original content"
"public/assets/flags/hk.webp","artwork-other","7f0c01a5266e602bd8b8fbb2d92326915c311f673c7bce07c5e02724abd36b73","No item-specific permission located","","Locate original creator/license or replace with documented original content"
"public/assets/flags/hr.svg","artwork-other","fa44157809f7739aabca54f3e27dfb1d7409ef17afe6ac18dd39294f124e205a","No item-specific permission located","","Locate original creator/license or replace with documented original content"
"public/assets/flags/hu.svg","artwork-other","2025b7ca34eac130a257abc189273adb73f5749cb0eb7c5c6d865d433d842e0b","No item-specific permission located","","Locate original creator/license or replace with documented original content"
"public/assets/flags/id.svg","artwork-other","b9d9dea991a06a1211e93e8fa33adc6035ede25d07dc6e98cf97cc57fd94a340","No item-specific permission located","","Locate original creator/license or replace with documented original content"
"public/assets/flags/il.svg","artwork-other","9e884f0c6d1001f8de2b478d3de9582f93fbbd9badcb31e3f52fefa3974ebc75","No item-specific permission located","","Locate original creator/license or replace with documented original content"
"public/assets/flags/is.svg","artwork-other","b14a90783cbe55b65c663efb67e1c235389f46d60d9601d28b36773016d520e2","No item-specific permission located","","Locate original creator/license or replace with documented original content"
"public/assets/flags/jo.svg","artwork-other","fb2b2896420258e37d2e27a1d07c6488b5ff14a587edfbe7c4153f93042b8424","No item-specific permission located","","Locate original creator/license or replace with documented original content"
"public/assets/flags/kz.svg","artwork-other","71a7d90e17ae74f6bf9572d9560b83d2d6ca047482fe2a229b770c67338f3848","No item-specific permission located","","Locate original creator/license or replace with documented original content"
"public/assets/flags/lb.svg","artwork-other","2c69b33a241e21c003113bae58fda58a08113e265a94262f6d0de39277876462","No item-specific permission located","","Locate original creator/license or replace with documented original content"
"public/assets/flags/lt.svg","artwork-other","9743f780184a60fc75a312b34151ff1a2699e0bf0d456eb91dcbae0472b4d566","No item-specific permission located","","Locate original creator/license or replace with documented original content"
"public/assets/flags/lu.svg","artwork-other","23c57bfe462e31f5655923c458bc77769dc62679e69750f6bf96371f62287f70","No item-specific permission located","","Locate original creator/license or replace with documented original content"
"public/assets/flags/lv.svg","artwork-other","470445d5df6d4ff5e51e0fe120a78ad2e416b86476efdf09cf921d43806fde03","No item-specific permission located","","Locate original creator/license or replace with documented original content"
"public/assets/flags/mk.svg","artwork-other","72a37e581f614d791fa6d88831d06c56a0f757e5a596d8fc1189b0d8147cfda6","No item-specific permission located","","Locate original creator/license or replace with documented original content"
"public/assets/flags/mn.svg","artwork-other","4f89f928fbfa245916b324dc272363ab12dba689814a9d2112023205e8e69baf","No item-specific permission located","","Locate original creator/license or replace with documented original content"
"public/assets/flags/mx.svg","artwork-other","baa6f7163f307c16a5d3e36c83a09fe46adbe16adfa866d4bb2d750a79d96b92","No item-specific permission located","","Locate original creator/license or replace with documented original content"
"public/assets/flags/nl.svg","artwork-other","2f7463573cdc3a0f7760c18459a3280d9272d1e6b2060909f12b95644e4fd545","No item-specific permission located","","Locate original creator/license or replace with documented original content"
"public/assets/flags/no.svg","artwork-other","0d4b9a52f0a6bd264258baac791b39910a895bb6ca06f63477fa823a262febdc","No item-specific permission located","","Locate original creator/license or replace with documented original content"
"public/assets/flags/nz.svg","artwork-other","aa29843a365d4eb21d35932172232d7d591a35fc51ac95c040c356f0f16c447e","No item-specific permission located","","Locate original creator/license or replace with documented original content"
"public/assets/flags/ph.svg","artwork-other","d554297356ab66a5061df4c73c3bb293381875d86175fa0508f7ac4f035eb721","No item-specific permission located","","Locate original creator/license or replace with documented original content"
"public/assets/flags/pl.svg","artwork-other","da6d9e34f2007194b0082d4caac04d1744b7b27fc40098747d4bc62e0d5a5bb2","No item-specific permission located","","Locate original creator/license or replace with documented original content"
"public/assets/flags/pt.svg","artwork-other","f60337f226fba6b695f54222f63b354920b1ecb4a0ff27f16bd49983f345f4c7","No item-specific permission located","","Locate original creator/license or replace with documented original content"
"public/assets/flags/ro.svg","artwork-other","20c8e69585273d35ba38fe2cae0d0201445a3b410c9589f4f7053316662482e3","No item-specific permission located","","Locate original creator/license or replace with documented original content"
"public/assets/flags/rs.svg","artwork-other","5bc4c8297033b5b31ca9496dd1ad29232aa14389dc8c93db38f99faa707ebba3","No item-specific permission located","","Locate original creator/license or replace with documented original content"
"public/assets/flags/ru.svg","artwork-other","eb1dbd977fdb824dcae7767ce9ec3a023e41158e81b5f524772609ddcb622025","No item-specific permission located","","Locate original creator/license or replace with documented original content"
"public/assets/flags/se.svg","artwork-other","426348d99d9cace2df6eaa6d6766d5a5ac21bb65a504a4ed974486cf96156b8f","No item-specific permission located","","Locate original creator/license or replace with documented original content"
"public/assets/flags/sk.svg","artwork-other","e684da4cc4c07969475456c69ba6e9e853360d5522dd5273beec02933c5f5767","No item-specific permission located","","Locate original creator/license or replace with documented original content"
"public/assets/flags/tr.svg","artwork-other","f15da84b4e5b23f54b8177126f5711e6fd0db8d26a1b0d3cf7901d0aa8e6b7b1","No item-specific permission located","","Locate original creator/license or replace with documented original content"
"public/assets/flags/ua.svg","artwork-other","542eaacd659923163edf3b1100c43bc137cc1ad9f0e394dee94de37d40ce1fca","No item-specific permission located","","Locate original creator/license or replace with documented original content"
"public/assets/flags/us.svg","artwork-other","e1792c011daad918fdbd99a21f7f46fd71018ffd052af5a7d7faf9954d593e31","No item-specific permission located","","Locate original creator/license or replace with documented original content"
"public/assets/flags/uy.svg","artwork-other","856fc0e14ff877b68a68c89144852808e7a17b213d5f1dba4b9d27435c0b2f54","No item-specific permission located","","Locate original creator/license or replace with documented original content"
"public/assets/flags/uz.svg","artwork-other","f57c945faf4df0178b8484aa3533fdc5d7d730790f0369f8869d48104c999603","No item-specific permission located","","Locate original creator/license or replace with documented original content"
"public/assets/flags/xk.svg","artwork-other","d58ac2f59d0b820c66ff60f80c59d6f61dc08c22a35f181429fe996a2870d4bb","No item-specific permission located","","Locate original creator/license or replace with documented original content"
"public/assets/flags/za.svg","artwork-other","6fbf0b68db7024ac996c92b1bbc62efe9a3bf12e469efaa29ae4fe0fa5c6da39","No item-specific permission located","","Locate original creator/license or replace with documented original content"
"public/assets/grenades/grenade_flash.png","artwork-other","21cebec16ff62264173fadd033cbaf5b059e265cedc003f7d64a6f0b086dce70","No item-specific permission located","","Locate original creator/license or replace with documented original content"
"public/assets/grenades/grenade_he.png","artwork-other","ba389e58bcae10ee312eeaf2c4ff9b029a957a431cfd0a8895c3a02d8b6ad467","No item-specific permission located","","Locate original creator/license or replace with documented original content"
"public/assets/grenades/grenade_molotov.png","artwork-other","30e11f1f51a3233fe705dda659f272a0af5eaf542d933f062ee0d979cc62afb1","No item-specific permission located","","Locate original creator/license or replace with documented original content"
"public/assets/grenades/grenade_smoke.png","artwork-other","1807d56f9e476758f39c26ed6ec0bced4392bc52fe1ca5d8c5b739f1412dc16d","No item-specific permission located","","Locate original creator/license or replace with documented original content"
"public/assets/grid.svg","artwork-other","a67aadc507658d664d68a5212f72faf0a2dc3c5ea57d81a00f9b6b4864ed9243","No item-specific permission located","","Locate original creator/license or replace with documented original content"
"public/assets/legends/Bastion.svg","portrait","d9e95dabed86a075913762dabbe72b1d686800a6716c4b3936bbd45d059182bb","Existing generated/edited artwork claims; original inputs, model terms and likeness review required","public/data/snapshot/sources.json","Locate original creator/license or replace with documented original content"
"public/assets/legends/Cipherx.svg","portrait","3820c1c826ec8011b4aa8464eb2b520bb78ffe3775f3f5331bf07313d2da9282","Existing generated/edited artwork claims; original inputs, model terms and likeness review required","public/data/snapshot/sources.json","Locate original creator/license or replace with documented original content"
"public/assets/legends/Dupren.svg","portrait","0129223149273fc709a7c4773ebce7b87d26af1aa0b5b64a21e1e4aed29b0627","Existing generated/edited artwork claims; original inputs, model terms and likeness review required","public/data/snapshot/sources.json","Locate original creator/license or replace with documented original content"
"public/assets/legends/Frosthaven.svg","portrait","a36f2b354ec8443e71019fb1e4610fa3f160fed72d7a00fdaa093afe49bcef13","Existing generated/edited artwork claims; original inputs, model terms and likeness review required","public/data/snapshot/sources.json","Locate original creator/license or replace with documented original content"
"public/assets/legends/Ironbark.svg","portrait","d80b52a6aac099ca8b104ec6de423f5140a0c3c076d07298f6997053633a9c8a","Existing generated/edited artwork claims; original inputs, model terms and likeness review required","public/data/snapshot/sources.json","Locate original creator/license or replace with documented original content"
"public/assets/legends/Kalvera.svg","portrait","31c2cc4baf319fac0978699c6fce05189239c9711f437fb2fa133727a12cf202","Existing generated/edited artwork claims; original inputs, model terms and likeness review required","public/data/snapshot/sources.json","Locate original creator/license or replace with documented original content"
"public/assets/legends/Krolon.svg","portrait","b2657d9bbb31da1e9505458795e14650dfb9005906c480245e6213ed61b29a9a","Existing generated/edited artwork claims; original inputs, model terms and likeness review required","public/data/snapshot/sources.json","Locate original creator/license or replace with documented original content"
"public/assets/legends/Mirage.svg","portrait","170f56199a81251684701605222b4b99c8c8ee4b769996d32b7c2be3837ede92","Existing generated/edited artwork claims; original inputs, model terms and likeness review required","public/data/snapshot/sources.json","Locate original creator/license or replace with documented original content"
"public/assets/legends/Niklaus.svg","portrait","1dd693ff574c3ed79a24b707666f397db87a2fbaa7849342d974223b21993579","Existing generated/edited artwork claims; original inputs, model terms and likeness review required","public/data/snapshot/sources.json","Locate original creator/license or replace with documented original content"
"public/assets/legends/Nocturn.svg","portrait","2f6e4a0a4c2aa5b4b69ec6379dd3a2acb824a416ca3f13e5cd5c5acd2f304d8d","Existing generated/edited artwork claims; original inputs, model terms and likeness review required","public/data/snapshot/sources.json","Locate original creator/license or replace with documented original content"
"public/assets/legends/Pyren.svg","portrait","8876153150f66f154e189ecbc2ff14c2927bcec184d0ae65ebb422c301273b47","Existing generated/edited artwork claims; original inputs, model terms and likeness review required","public/data/snapshot/sources.json","Locate original creator/license or replace with documented original content"
"public/assets/legends/Sentryx.svg","portrait","95a7c30b1fad408ad6e8caca1b796eb6e56df839330d2701df125c18fe2dcfd8","Existing generated/edited artwork claims; original inputs, model terms and likeness review required","public/data/snapshot/sources.json","Locate original creator/license or replace with documented original content"
"public/assets/legends/Shoen.svg","portrait","570591680ad8a054eccba9a9c01bab02ac2eff710c0ba11dd56dc3a8ba04823e","Existing generated/edited artwork claims; original inputs, model terms and likeness review required","public/data/snapshot/sources.json","Locate original creator/license or replace with documented original content"
"public/assets/legends/Sovran.svg","portrait","93d8b54930b4b488bff0926214330763fe9f48b9ddf035863cf186d3a403d650","Existing generated/edited artwork claims; original inputs, model terms and likeness review required","public/data/snapshot/sources.json","Locate original creator/license or replace with documented original content"
"public/assets/legends/V4ltz.svg","portrait","2beea98eb3fe39314adcf098d55b7da85678b094099918ba3de5b2b648a8c6d2","Existing generated/edited artwork claims; original inputs, model terms and likeness review required","public/data/snapshot/sources.json","Locate original creator/license or replace with documented original content"
"public/assets/legends/Varden.svg","portrait","59129d27a140f54805a868768468ffc71256fd9295124bb69e8f46bfa8d343cb","Existing generated/edited artwork claims; original inputs, model terms and likeness review required","public/data/snapshot/sources.json","Locate original creator/license or replace with documented original content"
"public/assets/merch/hoodie-onyx-red.png","artwork-other","af12e0197146a329c11a2771611c5fd857eebf3a344e4c89d83773535facf599","No item-specific permission located","","Locate original creator/license or replace with documented original content"
"public/assets/merch/hoodie-onyx-red.webp","artwork-other","ca3c2edafe7b96036d053c26f49b2d2870f848ab97cd1b4b05a298a7079ad76b","No item-specific permission located","","Locate original creator/license or replace with documented original content"
"public/assets/merch/hoodie-onyx-white.png","artwork-other","c0a73c0394872c8c7fd59d92b6da8bff30b64b7e78984645b8a6e9bfc46dadd7","No item-specific permission located","","Locate original creator/license or replace with documented original content"
"public/assets/merch/hoodie-onyx-white.webp","artwork-other","1461489aea518149147e2637c42f809366fded9498d2d6febd9718f9c1074af8","No item-specific permission located","","Locate original creator/license or replace with documented original content"
"public/assets/merch/jersey-pro-black.png","artwork-other","2884140ec673bed27d5038788e982a067681da5fcd17b70a27a10fc50c853e01","No item-specific permission located","","Locate original creator/license or replace with documented original content"
"public/assets/merch/jersey-pro-black.webp","artwork-other","64291841818a9ca5c599972d2fde884faf126d2fb3bbc8cb0f7e7516367b24d4","No item-specific permission located","","Locate original creator/license or replace with documented original content"
"public/assets/merch/jersey-pro-red.png","artwork-other","88f996996d0dd2c553b202d25163675dc4ed583b0ba2cd6375e3efe000abfbc2","No item-specific permission located","","Locate original creator/license or replace with documented original content"
"public/assets/merch/jersey-pro-red.webp","artwork-other","e453fdac3e9cfc0a30f62d0fd78dc9aed3333a3f7afafba6bd5707639d7d59eb","No item-specific permission located","","Locate original creator/license or replace with documented original content"
"public/assets/merch/jersey-pro-white.png","artwork-other","b333ad68ddc0e9046234872d62191bd74c5cdcfb326f063baf90a2fcd1cd3181","No item-specific permission located","","Locate original creator/license or replace with documented original content"
"public/assets/merch/jersey-pro-white.webp","artwork-other","29de4c425921b9ddb55c6251cfd50a9c33fc9648a63f380cb2a77d3ed581b10a","No item-specific permission located","","Locate original creator/license or replace with documented original content"
"public/assets/staff/analysts/Moses.webp","portrait","a109906e847b7260be16fde5d960a99c5c166ee0841e62a240bc7050907857bb","Existing generated/edited artwork claims; original inputs, model terms and likeness review required","public/data/snapshot/sources.json","Locate original creator/license or replace with documented original content"
"public/assets/staff/analysts/SPUNJ.webp","portrait","82ad33c04d6e4f9397a17556df4c1cdc19c4aaebbf5c379dbd41ccc53dd6ad5b","Existing generated/edited artwork claims; original inputs, model terms and likeness review required","public/data/snapshot/sources.json","Locate original creator/license or replace with documented original content"
"public/assets/staff/analysts/Semmler.webp","portrait","2894b87ed708476ef4229b6b9ad172f19f40822341d66c985849b445ead1871b","Existing generated/edited artwork claims; original inputs, model terms and likeness review required","public/data/snapshot/sources.json","Locate original creator/license or replace with documented original content"
"public/assets/staff/analysts/Thorin.webp","portrait","554eb94ad836caaf2f6e3747c9228d9e45b576fb6cc310481b37399624277faa","Existing generated/edited artwork claims; original inputs, model terms and likeness review required","public/data/snapshot/sources.json","Locate original creator/license or replace with documented original content"
"public/assets/staff/analysts/YNk.webp","portrait","e24f70b450d3dcc9cfd9fc9f422e530f2557816c286f502d3c31083ccaf2f3bd","Existing generated/edited artwork claims; original inputs, model terms and likeness review required","public/data/snapshot/sources.json","Locate original creator/license or replace with documented original content"
"public/assets/staff/coaches/B1ad3.webp","portrait","a224a540aab3f3aaebb916f39f0e707231d1ee43c72df4d2e22115cb6e9f03e3","Existing generated/edited artwork claims; original inputs, model terms and likeness review required","public/data/snapshot/sources.json","Locate original creator/license or replace with documented original content"
"public/assets/staff/coaches/Emir.svg","portrait","709261ec111345a6d100cea711394230f1609feb3c24aefe32326e1f785362ad","Existing generated/edited artwork claims; original inputs, model terms and likeness review required","public/data/snapshot/sources.json","Locate original creator/license or replace with documented original content"
"public/assets/staff/coaches/Garrick.svg","portrait","233c5f7e638ad46c62ecde239a2c0724e2f4e4fadfbe7983b962cfd0f6fa6206","Existing generated/edited artwork claims; original inputs, model terms and likeness review required","public/data/snapshot/sources.json","Locate original creator/license or replace with documented original content"
"public/assets/staff/coaches/HUNDEN.webp","portrait","0aa69ec8c27cc6d2fb68fb702327e5f60219b997e094f441afd3ac2e93269f73","Existing generated/edited artwork claims; original inputs, model terms and likeness review required","public/data/snapshot/sources.json","Locate original creator/license or replace with documented original content"
"public/assets/staff/coaches/Kruzzz.svg","portrait","772d955a7d39ceae0c4efa35a3e87923c040f10d537b86abfba96bd0c9c9929e","Existing generated/edited artwork claims; original inputs, model terms and likeness review required","public/data/snapshot/sources.json","Locate original creator/license or replace with documented original content"
"public/assets/staff/coaches/Myther.svg","portrait","13ae91f50bdca27edda619d22b940c1246e189bd06344f0f4196f359ffabd2fd","Existing generated/edited artwork claims; original inputs, model terms and likeness review required","public/data/snapshot/sources.json","Locate original creator/license or replace with documented original content"
"public/assets/staff/coaches/Rejin.webp","portrait","a190b97bc1e5a69b248c113748d9f2f679935812c116ec1617270d0934571c5d","Existing generated/edited artwork claims; original inputs, model terms and likeness review required","public/data/snapshot/sources.json","Locate original creator/license or replace with documented original content"
"public/assets/staff/coaches/Revin.svg","portrait","f5799ef284dca4b5fa3190fb73e32b186aed9bf2666eb1c1daf81f1093435ed9","Existing generated/edited artwork claims; original inputs, model terms and likeness review required","public/data/snapshot/sources.json","Locate original creator/license or replace with documented original content"
"public/assets/staff/coaches/RobbaN.webp","portrait","ad262c8d724cb8db94930609f9c1424a3a31fc32438e0e7ee53e1b6d9f483983","Existing generated/edited artwork claims; original inputs, model terms and likeness review required","public/data/snapshot/sources.json","Locate original creator/license or replace with documented original content"
"public/assets/staff/coaches/Ronnik.svg","portrait","7e20bc09b92cb4159ef1163712c660d700e5d53a9639c56215a79c99efe5c49d","Existing generated/edited artwork claims; original inputs, model terms and likeness review required","public/data/snapshot/sources.json","Locate original creator/license or replace with documented original content"
"public/assets/staff/coaches/Scythe.svg","portrait","27aa762279426eeb85c2945603797b50461d17cbe8d547c9a8d2fd8747b97d03","Existing generated/edited artwork claims; original inputs, model terms and likeness review required","public/data/snapshot/sources.json","Locate original creator/license or replace with documented original content"
"public/assets/staff/coaches/Vigil.svg","portrait","794be895b715ff626b2e914c7e5917750840b30676761e5eacad04578580cc7f","Existing generated/edited artwork claims; original inputs, model terms and likeness review required","public/data/snapshot/sources.json","Locate original creator/license or replace with documented original content"
"public/assets/staff/coaches/XTQZZZ.webp","portrait","e4c718fc9ec8ef7d78f40fa4059d768884a993cf3a89b884e30c125ddc8b9678","Existing generated/edited artwork claims; original inputs, model terms and likeness review required","public/data/snapshot/sources.json","Locate original creator/license or replace with documented original content"
"public/assets/staff/coaches/Xizt.webp","portrait","1e83ec628ade7b801e674b52a7b2a31b4e76890c1f162927fa4076b75e49fd20","Existing generated/edited artwork claims; original inputs, model terms and likeness review required","public/data/snapshot/sources.json","Locate original creator/license or replace with documented original content"
"public/assets/staff/coaches/Xyzt.svg","portrait","fd6792a2741b9864ad3a8e7bcc15d55683f17d9a70a8615690588d6ecdd5ac9a","Existing generated/edited artwork claims; original inputs, model terms and likeness review required","public/data/snapshot/sources.json","Locate original creator/license or replace with documented original content"
"public/assets/staff/coaches/Zonix.svg","portrait","f2a668b85a3c1a5caeaf388060ddb0ee2ff15df4900b1a5bde9a9f2ae0b9cb4d","Existing generated/edited artwork claims; original inputs, model terms and likeness review required","public/data/snapshot/sources.json","Locate original creator/license or replace with documented original content"
"public/assets/staff/coaches/daps.webp","portrait","ddfafef7a9c15426614f92a2ef2944310b59029c7e14b147c100f7c1f01377a3","Existing generated/edited artwork claims; original inputs, model terms and likeness review required","public/data/snapshot/sources.json","Locate original creator/license or replace with documented original content"
"public/assets/staff/coaches/emi.webp","portrait","cfa330b43fea989f8fc6b20eb6d2c06a7ae74e6a17f91673786e73cc133c0951","Existing generated/edited artwork claims; original inputs, model terms and likeness review required","public/data/snapshot/sources.json","Locate original creator/license or replace with documented original content"
"public/assets/staff/coaches/kassad.webp","portrait","b109663f7201b9ec51e4a153719459b03d4038a54c519619fdfcc1cb0676d669","Existing generated/edited artwork claims; original inputs, model terms and likeness review required","public/data/snapshot/sources.json","Locate original creator/license or replace with documented original content"
"public/assets/staff/coaches/mithR.webp","portrait","041d91a768a4257bf27689140da8d2493575249e0d9841dc341571af9b72bf57","Existing generated/edited artwork claims; original inputs, model terms and likeness review required","public/data/snapshot/sources.json","Locate original creator/license or replace with documented original content"
"public/assets/staff/coaches/sAw.webp","portrait","55e027ca9560873fd3acf8fad7c7a57ff0472bfadc5d543e7422f19b628cd837","Existing generated/edited artwork claims; original inputs, model terms and likeness review required","public/data/snapshot/sources.json","Locate original creator/license or replace with documented original content"
"public/assets/staff/coaches/zonic.webp","portrait","7d1d050339c0f8a531339916e23f4a44995479e545fb1d1480ff248688a29ff6","Existing generated/edited artwork claims; original inputs, model terms and likeness review required","public/data/snapshot/sources.json","Locate original creator/license or replace with documented original content"
"public/assets/teams/33/.logo_modified","artwork-other","0a23623c21471bf4ec47f2a377e13837867e6a9f97e9fbc7418d655e9fbf1807","No item-specific permission located","","Locate original creator/license or replace with documented original content"
"public/assets/teams/33/.logo_stylized","artwork-other","28a26761102f1a122a9e24ff19a7eff5a980cecc900b4041db1f0eec3f90b3ed","No item-specific permission located","","Locate original creator/license or replace with documented original content"
"public/assets/teams/500/.logo_modified","artwork-other","0a23623c21471bf4ec47f2a377e13837867e6a9f97e9fbc7418d655e9fbf1807","No item-specific permission located","","Locate original creator/license or replace with documented original content"
"public/assets/teams/500/.logo_stylized","artwork-other","28a26761102f1a122a9e24ff19a7eff5a980cecc900b4041db1f0eec3f90b3ed","No item-specific permission located","","Locate original creator/license or replace with documented original content"
"public/assets/teams/777/.logo_modified","artwork-other","0a23623c21471bf4ec47f2a377e13837867e6a9f97e9fbc7418d655e9fbf1807","No item-specific permission located","","Locate original creator/license or replace with documented original content"
"public/assets/teams/777/.logo_stylized","artwork-other","28a26761102f1a122a9e24ff19a7eff5a980cecc900b4041db1f0eec3f90b3ed","No item-specific permission located","","Locate original creator/license or replace with documented original content"
"public/assets/teams/1win/.logo_modified","artwork-other","0a23623c21471bf4ec47f2a377e13837867e6a9f97e9fbc7418d655e9fbf1807","No item-specific permission located","","Locate original creator/license or replace with documented original content"
"public/assets/teams/1win/.logo_stylized","artwork-other","28a26761102f1a122a9e24ff19a7eff5a980cecc900b4041db1f0eec3f90b3ed","No item-specific permission located","","Locate original creator/license or replace with documented original content"
"public/assets/teams/1win/logo.svg","logo","f9a97f9db3e00069b077ee3943b02f924e858b8497b5db30acc2fab5a5d6c6d1","Fictionalized existing identities; original reference and creator rights unresolved","docs/audit-2026-09-12/logo-reference-audit.json","Locate original creator/license or replace with documented original content"
"public/assets/teams/33or/logo.svg","logo","a8e6271d026deaa52650170a947a3e0a19ca8d79eba8264b2e49dfc50a705f16","Fictionalized existing identities; original reference and creator rights unresolved","docs/audit-2026-09-12/logo-reference-audit.json","Locate original creator/license or replace with documented original content"
"public/assets/teams/3dmax/.logo_modified","artwork-other","0a23623c21471bf4ec47f2a377e13837867e6a9f97e9fbc7418d655e9fbf1807","No item-specific permission located","","Locate original creator/license or replace with documented original content"
"public/assets/teams/3dmax/.logo_stylized","artwork-other","28a26761102f1a122a9e24ff19a7eff5a980cecc900b4041db1f0eec3f90b3ed","No item-specific permission located","","Locate original creator/license or replace with documented original content"
"public/assets/teams/3dmax/logo.svg","logo","ecd3e44f4a6e43cace2c197117d638650a993a2784698ca408f66d4964467a97","Fictionalized existing identities; original reference and creator rights unresolved","docs/audit-2026-09-12/logo-reference-audit.json","Locate original creator/license or replace with documented original content"
"public/assets/teams/500ro/logo.svg","logo","1772ddcc2329507cc3a01bfcd2f20bc2a399d5a39f8f7f647e4e9c43944aaf78","Fictionalized existing identities; original reference and creator rights unresolved","docs/audit-2026-09-12/logo-reference-audit.json","Locate original creator/license or replace with documented original content"
"public/assets/teams/8sins/.logo_modified","artwork-other","0a23623c21471bf4ec47f2a377e13837867e6a9f97e9fbc7418d655e9fbf1807","No item-specific permission located","","Locate original creator/license or replace with documented original content"
"public/assets/teams/8sins/.logo_stylized","artwork-other","28a26761102f1a122a9e24ff19a7eff5a980cecc900b4041db1f0eec3f90b3ed","No item-specific permission located","","Locate original creator/license or replace with documented original content"
"public/assets/teams/9buomprara/logo.svg","logo","80447d19c73a888c5f7a8dda432a446759a1a159e0bb8dd042a04f4746f99ae1","Fictionalized existing identities; original reference and creator rights unresolved","docs/audit-2026-09-12/logo-reference-audit.json","Locate original creator/license or replace with documented original content"
"public/assets/teams/9ine/.logo_modified","artwork-other","0a23623c21471bf4ec47f2a377e13837867e6a9f97e9fbc7418d655e9fbf1807","No item-specific permission located","","Locate original creator/license or replace with documented original content"
"public/assets/teams/9ine/.logo_stylized","artwork-other","28a26761102f1a122a9e24ff19a7eff5a980cecc900b4041db1f0eec3f90b3ed","No item-specific permission located","","Locate original creator/license or replace with documented original content"
"public/assets/teams/9ink/logo.svg","logo","076e4ed36af5a0f3958f4f8b60c5dd46d283a2ea128ce16d3eb5d7eef055a1aa","Fictionalized existing identities; original reference and creator rights unresolved","docs/audit-2026-09-12/logo-reference-audit.json","Locate original creator/license or replace with documented original content"
"public/assets/teams/9z/.logo_modified","artwork-other","0a23623c21471bf4ec47f2a377e13837867e6a9f97e9fbc7418d655e9fbf1807","No item-specific permission located","","Locate original creator/license or replace with documented original content"
"public/assets/teams/9z/.logo_stylized","artwork-other","28a26761102f1a122a9e24ff19a7eff5a980cecc900b4041db1f0eec3f90b3ed","No item-specific permission located","","Locate original creator/license or replace with documented original content"
"public/assets/teams/9zed/logo.svg","logo","a00644ee1acbfa5f145b44bf38102391c79adb86bfd75c0f3cbd7496f327a67b","Fictionalized existing identities; original reference and creator rights unresolved","docs/audit-2026-09-12/logo-reference-audit.json","Locate original creator/license or replace with documented original content"
"public/assets/teams/a81/logo.svg","logo","b8292be96c735f772c4a7729245b07a4cfade4601c63849ddd8d7f3186906835","Fictionalized existing identities; original reference and creator rights unresolved","docs/audit-2026-09-12/logo-reference-audit.json","Locate original creator/license or replace with documented original content"
"public/assets/teams/aab/.logo_modified","artwork-other","0a23623c21471bf4ec47f2a377e13837867e6a9f97e9fbc7418d655e9fbf1807","No item-specific permission located","","Locate original creator/license or replace with documented original content"
"public/assets/teams/aab/.logo_stylized","artwork-other","28a26761102f1a122a9e24ff19a7eff5a980cecc900b4041db1f0eec3f90b3ed","No item-specific permission located","","Locate original creator/license or replace with documented original content"
"public/assets/teams/acend/.logo_modified","artwork-other","0a23623c21471bf4ec47f2a377e13837867e6a9f97e9fbc7418d655e9fbf1807","No item-specific permission located","","Locate original creator/license or replace with documented original content"
"public/assets/teams/acend/.logo_stylized","artwork-other","28a26761102f1a122a9e24ff19a7eff5a980cecc900b4041db1f0eec3f90b3ed","No item-specific permission located","","Locate original creator/license or replace with documented original content"
"public/assets/teams/aedhar/logo.svg","logo","a3b8019a092b3ded1debde7fccf5f71b09f2dea310025c3c416802e395a83472","Fictionalized existing identities; original reference and creator rights unresolved","docs/audit-2026-09-12/logo-reference-audit.json","Locate original creator/license or replace with documented original content"
"public/assets/teams/aether/.logo_modified","artwork-other","0a23623c21471bf4ec47f2a377e13837867e6a9f97e9fbc7418d655e9fbf1807","No item-specific permission located","","Locate original creator/license or replace with documented original content"
"public/assets/teams/aether/.logo_stylized","artwork-other","28a26761102f1a122a9e24ff19a7eff5a980cecc900b4041db1f0eec3f90b3ed","No item-specific permission located","","Locate original creator/license or replace with documented original content"
"public/assets/teams/aimclub/.logo_modified","artwork-other","0a23623c21471bf4ec47f2a377e13837867e6a9f97e9fbc7418d655e9fbf1807","No item-specific permission located","","Locate original creator/license or replace with documented original content"
"public/assets/teams/aimclub/.logo_stylized","artwork-other","28a26761102f1a122a9e24ff19a7eff5a980cecc900b4041db1f0eec3f90b3ed","No item-specific permission located","","Locate original creator/license or replace with documented original content"
"public/assets/teams/akend/logo.svg","logo","2f8652ce649361f1b4e370a68e913c719fc5a2d64e4cd191fed4d277e96698a9","Fictionalized existing identities; original reference and creator rights unresolved","docs/audit-2026-09-12/logo-reference-audit.json","Locate original creator/license or replace with documented original content"
"public/assets/teams/akimbo/.logo_modified","artwork-other","0a23623c21471bf4ec47f2a377e13837867e6a9f97e9fbc7418d655e9fbf1807","No item-specific permission located","","Locate original creator/license or replace with documented original content"
"public/assets/teams/akimbo/.logo_stylized","artwork-other","28a26761102f1a122a9e24ff19a7eff5a980cecc900b4041db1f0eec3f90b3ed","No item-specific permission located","","Locate original creator/license or replace with documented original content"
"public/assets/teams/algo/.logo_modified","artwork-other","0a23623c21471bf4ec47f2a377e13837867e6a9f97e9fbc7418d655e9fbf1807","No item-specific permission located","","Locate original creator/license or replace with documented original content"
"public/assets/teams/algo/.logo_stylized","artwork-other","28a26761102f1a122a9e24ff19a7eff5a980cecc900b4041db1f0eec3f90b3ed","No item-specific permission located","","Locate original creator/license or replace with documented original content"
"public/assets/teams/aljayx/logo.svg","logo","6032ea03baa6f396049138a3fb01d1ad51f2a294d7691de12c9fec0081c721d6","Fictionalized existing identities; original reference and creator rights unresolved","docs/audit-2026-09-12/logo-reference-audit.json","Locate original creator/license or replace with documented original content"
"public/assets/teams/alliance/.logo_modified","artwork-other","0a23623c21471bf4ec47f2a377e13837867e6a9f97e9fbc7418d655e9fbf1807","No item-specific permission located","","Locate original creator/license or replace with documented original content"
"public/assets/teams/alliance/.logo_stylized","artwork-other","28a26761102f1a122a9e24ff19a7eff5a980cecc900b4041db1f0eec3f90b3ed","No item-specific permission located","","Locate original creator/license or replace with documented original content"
"public/assets/teams/alliankaia/logo.svg","logo","242a2e3b0b8c9d335981256b106a992a12afb6dc74b2afb48ce260c4403d47f2","Fictionalized existing identities; original reference and creator rights unresolved","docs/audit-2026-09-12/logo-reference-audit.json","Locate original creator/license or replace with documented original content"
"public/assets/teams/allinners/.logo_modified","artwork-other","0a23623c21471bf4ec47f2a377e13837867e6a9f97e9fbc7418d655e9fbf1807","No item-specific permission located","","Locate original creator/license or replace with documented original content"
"public/assets/teams/allinners/.logo_stylized","artwork-other","28a26761102f1a122a9e24ff19a7eff5a980cecc900b4041db1f0eec3f90b3ed","No item-specific permission located","","Locate original creator/license or replace with documented original content"
"public/assets/teams/alter_ego/.logo_modified","artwork-other","0a23623c21471bf4ec47f2a377e13837867e6a9f97e9fbc7418d655e9fbf1807","No item-specific permission located","","Locate original creator/license or replace with documented original content"
"public/assets/teams/alter_ego/.logo_stylized","artwork-other","28a26761102f1a122a9e24ff19a7eff5a980cecc900b4041db1f0eec3f90b3ed","No item-specific permission located","","Locate original creator/license or replace with documented original content"
"public/assets/teams/alzon/.logo_modified","artwork-other","0a23623c21471bf4ec47f2a377e13837867e6a9f97e9fbc7418d655e9fbf1807","No item-specific permission located","","Locate original creator/license or replace with documented original content"
"public/assets/teams/alzon/.logo_stylized","artwork-other","28a26761102f1a122a9e24ff19a7eff5a980cecc900b4041db1f0eec3f90b3ed","No item-specific permission located","","Locate original creator/license or replace with documented original content"
"public/assets/teams/am/.logo_modified","artwork-other","0a23623c21471bf4ec47f2a377e13837867e6a9f97e9fbc7418d655e9fbf1807","No item-specific permission located","","Locate original creator/license or replace with documented original content"
"public/assets/teams/am/.logo_stylized","artwork-other","28a26761102f1a122a9e24ff19a7eff5a980cecc900b4041db1f0eec3f90b3ed","No item-specific permission located","","Locate original creator/license or replace with documented original content"
"public/assets/teams/ance/logo.svg","logo","b475f7efc5514d2bfae5a58de9efa9dcbaec15b23d2ef06b42881e4d54828c88","Fictionalized existing identities; original reference and creator rights unresolved","docs/audit-2026-09-12/logo-reference-audit.json","Locate original creator/license or replace with documented original content"
"public/assets/teams/aramund/logo.svg","logo","9573a24a3120235f52f3c9d0fe017747be57d931408a8f0cc6b5732f223715ab","Fictionalized existing identities; original reference and creator rights unresolved","docs/audit-2026-09-12/logo-reference-audit.json","Locate original creator/license or replace with documented original content"
"public/assets/teams/arcred/.logo_modified","artwork-other","0a23623c21471bf4ec47f2a377e13837867e6a9f97e9fbc7418d655e9fbf1807","No item-specific permission located","","Locate original creator/license or replace with documented original content"
"public/assets/teams/arcred/.logo_stylized","artwork-other","28a26761102f1a122a9e24ff19a7eff5a980cecc900b4041db1f0eec3f90b3ed","No item-specific permission located","","Locate original creator/license or replace with documented original content"
"public/assets/teams/arcredra/logo.svg","logo","c19ad05856519a6c3836f5a1e7aa006fef4fab05d983384fbf026c196305b6a5","Fictionalized existing identities; original reference and creator rights unresolved","docs/audit-2026-09-12/logo-reference-audit.json","Locate original creator/license or replace with documented original content"
"public/assets/teams/argongra/logo.svg","logo","cb83a5af7448d3e15df80e85f9702eb17a0389f508f8e9e84abcf66d30d1c328","Fictionalized existing identities; original reference and creator rights unresolved","docs/audit-2026-09-12/logo-reference-audit.json","Locate original creator/license or replace with documented original content"
"public/assets/teams/ascend/.logo_modified","artwork-other","0a23623c21471bf4ec47f2a377e13837867e6a9f97e9fbc7418d655e9fbf1807","No item-specific permission located","","Locate original creator/license or replace with documented original content"
"public/assets/teams/ascend/.logo_stylized","artwork-other","28a26761102f1a122a9e24ff19a7eff5a980cecc900b4041db1f0eec3f90b3ed","No item-specific permission located","","Locate original creator/license or replace with documented original content"
"public/assets/teams/astraflux/logo.svg","logo","d474c37cf56cf508b81ed71df72a7d1aa24bf533822c2d34121b4d372d9b9a5c","Fictionalized existing identities; original reference and creator rights unresolved","docs/audit-2026-09-12/logo-reference-audit.json","Locate original creator/license or replace with documented original content"
"public/assets/teams/astral/.logo_modified","artwork-other","0a23623c21471bf4ec47f2a377e13837867e6a9f97e9fbc7418d655e9fbf1807","No item-specific permission located","","Locate original creator/license or replace with documented original content"
"public/assets/teams/astral/.logo_stylized","artwork-other","28a26761102f1a122a9e24ff19a7eff5a980cecc900b4041db1f0eec3f90b3ed","No item-specific permission located","","Locate original creator/license or replace with documented original content"
"public/assets/teams/atrix/.logo_modified","artwork-other","0a23623c21471bf4ec47f2a377e13837867e6a9f97e9fbc7418d655e9fbf1807","No item-specific permission located","","Locate original creator/license or replace with documented original content"
"public/assets/teams/atrix/.logo_stylized","artwork-other","28a26761102f1a122a9e24ff19a7eff5a980cecc900b4041db1f0eec3f90b3ed","No item-specific permission located","","Locate original creator/license or replace with documented original content"
"public/assets/teams/aurora/.logo_modified","artwork-other","0a23623c21471bf4ec47f2a377e13837867e6a9f97e9fbc7418d655e9fbf1807","No item-specific permission located","","Locate original creator/license or replace with documented original content"
"public/assets/teams/aurora/.logo_stylized","artwork-other","28a26761102f1a122a9e24ff19a7eff5a980cecc900b4041db1f0eec3f90b3ed","No item-specific permission located","","Locate original creator/license or replace with documented original content"
"public/assets/teams/aurora_young_blud/.logo_modified","artwork-other","0a23623c21471bf4ec47f2a377e13837867e6a9f97e9fbc7418d655e9fbf1807","No item-specific permission located","","Locate original creator/license or replace with documented original content"
"public/assets/teams/aurora_young_blud/.logo_stylized","artwork-other","28a26761102f1a122a9e24ff19a7eff5a980cecc900b4041db1f0eec3f90b3ed","No item-specific permission located","","Locate original creator/license or replace with documented original content"
"public/assets/teams/aurura_yuunj_blod/logo.svg","logo","de6909b816a81c9709a07648eb74d27f345c8ec2116e6801e5aed54e9e57e18f","Fictionalized existing identities; original reference and creator rights unresolved","docs/audit-2026-09-12/logo-reference-audit.json","Locate original creator/license or replace with documented original content"
"public/assets/teams/autfyt_49/logo.svg","logo","9a36aa74b2c5963e041b3f187a7e018071578e84d43883eccb7a33c46acca176","Fictionalized existing identities; original reference and creator rights unresolved","docs/audit-2026-09-12/logo-reference-audit.json","Locate original creator/license or replace with documented original content"
"public/assets/teams/aymclub/logo.svg","logo","6d17375b2c83e90985d0a41a70488a84f21b421f97c28244f74e4e2a5cffa80f","Fictionalized existing identities; original reference and creator rights unresolved","docs/audit-2026-09-12/logo-reference-audit.json","Locate original creator/license or replace with documented original content"
"public/assets/teams/aztralor/logo.svg","logo","436f226576134038bf95ac04636b082ef8589d3124e00bfd8bddc9b7f3c644ad","Fictionalized existing identities; original reference and creator rights unresolved","docs/audit-2026-09-12/logo-reference-audit.json","Locate original creator/license or replace with documented original content"
"public/assets/teams/b8/.logo_modified","artwork-other","0a23623c21471bf4ec47f2a377e13837867e6a9f97e9fbc7418d655e9fbf1807","No item-specific permission located","","Locate original creator/license or replace with documented original content"
"public/assets/teams/b8/.logo_stylized","artwork-other","28a26761102f1a122a9e24ff19a7eff5a980cecc900b4041db1f0eec3f90b3ed","No item-specific permission located","","Locate original creator/license or replace with documented original content"
"public/assets/teams/b8/logo.svg","logo","d5283023422386c74c58ec1f9f481d5d6e2dc204ab45675ff9df25f0077e93a3","Fictionalized existing identities; original reference and creator rights unresolved","docs/audit-2026-09-12/logo-reference-audit.json","Locate original creator/license or replace with documented original content"
"public/assets/teams/bad_luck/.logo_modified","artwork-other","0a23623c21471bf4ec47f2a377e13837867e6a9f97e9fbc7418d655e9fbf1807","No item-specific permission located","","Locate original creator/license or replace with documented original content"
"public/assets/teams/bad_luck/.logo_stylized","artwork-other","28a26761102f1a122a9e24ff19a7eff5a980cecc900b4041db1f0eec3f90b3ed","No item-specific permission located","","Locate original creator/license or replace with documented original content"
"public/assets/teams/bad_lykk/logo.svg","logo","6bf6fb2b2351258df4bc8b6f3e83996ea55414a7e2d06aaabe323c36fe933807","Fictionalized existing identities; original reference and creator rights unresolved","docs/audit-2026-09-12/logo-reference-audit.json","Locate original creator/license or replace with documented original content"
"public/assets/teams/basement_boys/.logo_modified","artwork-other","0a23623c21471bf4ec47f2a377e13837867e6a9f97e9fbc7418d655e9fbf1807","No item-specific permission located","","Locate original creator/license or replace with documented original content"
"public/assets/teams/basement_boys/.logo_stylized","artwork-other","28a26761102f1a122a9e24ff19a7eff5a980cecc900b4041db1f0eec3f90b3ed","No item-specific permission located","","Locate original creator/license or replace with documented original content"
"public/assets/teams/bat_m/logo.svg","logo","f3f760829de3bd323bc0c4148620c5ad64f3afafde01797aca7e599fef43ff65","Fictionalized existing identities; original reference and creator rights unresolved","docs/audit-2026-09-12/logo-reference-audit.json","Locate original creator/license or replace with documented original content"
"public/assets/teams/bcgame/.logo_modified","artwork-other","0a23623c21471bf4ec47f2a377e13837867e6a9f97e9fbc7418d655e9fbf1807","No item-specific permission located","","Locate original creator/license or replace with documented original content"
"public/assets/teams/bcgame/.logo_stylized","artwork-other","28a26761102f1a122a9e24ff19a7eff5a980cecc900b4041db1f0eec3f90b3ed","No item-specific permission located","","Locate original creator/license or replace with documented original content"
"public/assets/teams/bebop/.logo_modified","artwork-other","0a23623c21471bf4ec47f2a377e13837867e6a9f97e9fbc7418d655e9fbf1807","No item-specific permission located","","Locate original creator/license or replace with documented original content"
"public/assets/teams/bebop/.logo_stylized","artwork-other","28a26761102f1a122a9e24ff19a7eff5a980cecc900b4041db1f0eec3f90b3ed","No item-specific permission located","","Locate original creator/license or replace with documented original content"
"public/assets/teams/bebop/logo.svg","logo","5c25a170b95bdfeb000a6e67f9b738111237cf432dfbb5c97aeb9f7b194a4fe4","Fictionalized existing identities; original reference and creator rights unresolved","docs/audit-2026-09-12/logo-reference-audit.json","Locate original creator/license or replace with documented original content"
"public/assets/teams/begia_academy/logo.svg","logo","8968d185ccd70aa06dc82df2e708d90df94dca5035efbbba361c1d359b7211e1","Fictionalized existing identities; original reference and creator rights unresolved","docs/audit-2026-09-12/logo-reference-audit.json","Locate original creator/license or replace with documented original content"
"public/assets/teams/besiment_bays/logo.svg","logo","1b52eb5bb6eebd91f0fb7e32acfb733d8729f6ed8662b78722d27308d1bcecd5","Fictionalized existing identities; original reference and creator rights unresolved","docs/audit-2026-09-12/logo-reference-audit.json","Locate original creator/license or replace with documented original content"
"public/assets/teams/besteayx/logo.svg","logo","cb75d9ec06fcfdc0c085640067ca7ac0b10c008322f9ff2fb015fa1207466544","Fictionalized existing identities; original reference and creator rights unresolved","docs/audit-2026-09-12/logo-reference-audit.json","Locate original creator/license or replace with documented original content"
"public/assets/teams/bestia/.logo_modified","artwork-other","0a23623c21471bf4ec47f2a377e13837867e6a9f97e9fbc7418d655e9fbf1807","No item-specific permission located","","Locate original creator/license or replace with documented original content"
"public/assets/teams/bestia/.logo_stylized","artwork-other","28a26761102f1a122a9e24ff19a7eff5a980cecc900b4041db1f0eec3f90b3ed","No item-specific permission located","","Locate original creator/license or replace with documented original content"
"public/assets/teams/bestia_academy/.logo_modified","artwork-other","0a23623c21471bf4ec47f2a377e13837867e6a9f97e9fbc7418d655e9fbf1807","No item-specific permission located","","Locate original creator/license or replace with documented original content"
"public/assets/teams/bestia_academy/.logo_stylized","artwork-other","28a26761102f1a122a9e24ff19a7eff5a980cecc900b4041db1f0eec3f90b3ed","No item-specific permission located","","Locate original creator/license or replace with documented original content"
"public/assets/teams/bet-m/.logo_modified","artwork-other","0a23623c21471bf4ec47f2a377e13837867e6a9f97e9fbc7418d655e9fbf1807","No item-specific permission located","","Locate original creator/license or replace with documented original content"
"public/assets/teams/bet-m/.logo_stylized","artwork-other","28a26761102f1a122a9e24ff19a7eff5a980cecc900b4041db1f0eec3f90b3ed","No item-specific permission located","","Locate original creator/license or replace with documented original content"
"public/assets/teams/betclic/.logo_modified","artwork-other","0a23623c21471bf4ec47f2a377e13837867e6a9f97e9fbc7418d655e9fbf1807","No item-specific permission located","","Locate original creator/license or replace with documented original content"
"public/assets/teams/betclic/.logo_stylized","artwork-other","28a26761102f1a122a9e24ff19a7eff5a980cecc900b4041db1f0eec3f90b3ed","No item-specific permission located","","Locate original creator/license or replace with documented original content"
"public/assets/teams/beyond_limits/.logo_modified","artwork-other","0a23623c21471bf4ec47f2a377e13837867e6a9f97e9fbc7418d655e9fbf1807","No item-specific permission located","","Locate original creator/license or replace with documented original content"
"public/assets/teams/beyond_limits/.logo_stylized","artwork-other","28a26761102f1a122a9e24ff19a7eff5a980cecc900b4041db1f0eec3f90b3ed","No item-specific permission located","","Locate original creator/license or replace with documented original content"
"public/assets/teams/big/.logo_modified","artwork-other","0a23623c21471bf4ec47f2a377e13837867e6a9f97e9fbc7418d655e9fbf1807","No item-specific permission located","","Locate original creator/license or replace with documented original content"
"public/assets/teams/big/.logo_stylized","artwork-other","28a26761102f1a122a9e24ff19a7eff5a980cecc900b4041db1f0eec3f90b3ed","No item-specific permission located","","Locate original creator/license or replace with documented original content"
"public/assets/teams/big_academy/.logo_modified","artwork-other","0a23623c21471bf4ec47f2a377e13837867e6a9f97e9fbc7418d655e9fbf1807","No item-specific permission located","","Locate original creator/license or replace with documented original content"
"public/assets/teams/big_academy/.logo_stylized","artwork-other","28a26761102f1a122a9e24ff19a7eff5a980cecc900b4041db1f0eec3f90b3ed","No item-specific permission located","","Locate original creator/license or replace with documented original content"
"public/assets/teams/big_equipa/.logo_modified","artwork-other","0a23623c21471bf4ec47f2a377e13837867e6a9f97e9fbc7418d655e9fbf1807","No item-specific permission located","","Locate original creator/license or replace with documented original content"
"public/assets/teams/big_equipa/.logo_stylized","artwork-other","28a26761102f1a122a9e24ff19a7eff5a980cecc900b4041db1f0eec3f90b3ed","No item-specific permission located","","Locate original creator/license or replace with documented original content"
"public/assets/teams/big_kings/logo.svg","logo","39b78fd61f8fd857c526812ba27307a4808fd45624540d75543a92b8a789ef87","Fictionalized existing identities; original reference and creator rights unresolved","docs/audit-2026-09-12/logo-reference-audit.json","Locate original creator/license or replace with documented original content"
"public/assets/teams/bij_aqoipa/logo.svg","logo","8265798f5aaf8611fd1d3288ed46965bf38d36a15da74a93d9d131c832598700","Fictionalized existing identities; original reference and creator rights unresolved","docs/audit-2026-09-12/logo-reference-audit.json","Locate original creator/license or replace with documented original content"
"public/assets/teams/bistia_aqedemy/logo.svg","logo","2945208073d0b3110fa6f849b62c8e1b0b410662147273b61658d2726f7947d1","Fictionalized existing identities; original reference and creator rights unresolved","docs/audit-2026-09-12/logo-reference-audit.json","Locate original creator/license or replace with documented original content"
"public/assets/teams/bitclic/logo.svg","logo","f7684d25abf4073438a64b480327f205826b3ab4febad562caa953df091b3e21","Fictionalized existing identities; original reference and creator rights unresolved","docs/audit-2026-09-12/logo-reference-audit.json","Locate original creator/license or replace with documented original content"
"public/assets/teams/bk_kame/logo.svg","logo","c52f51a8ca66e0c4858d17f901319749a57d2c9255d5487fb59205ae5b0d5a68","Fictionalized existing identities; original reference and creator rights unresolved","docs/audit-2026-09-12/logo-reference-audit.json","Locate original creator/license or replace with documented original content"
"public/assets/teams/boombyte/logo.svg","logo","e50c6d891a4694cb99734cf6258ed562a71c620d7eb3a0d8e51935660a27f389","Fictionalized existing identities; original reference and creator rights unresolved","docs/audit-2026-09-12/logo-reference-audit.json","Locate original creator/license or replace with documented original content"
"public/assets/teams/boring_players/.logo_modified","artwork-other","0a23623c21471bf4ec47f2a377e13837867e6a9f97e9fbc7418d655e9fbf1807","No item-specific permission located","","Locate original creator/license or replace with documented original content"
"public/assets/teams/boring_players/.logo_stylized","artwork-other","28a26761102f1a122a9e24ff19a7eff5a980cecc900b4041db1f0eec3f90b3ed","No item-specific permission located","","Locate original creator/license or replace with documented original content"
"public/assets/teams/boss/.logo_modified","artwork-other","0a23623c21471bf4ec47f2a377e13837867e6a9f97e9fbc7418d655e9fbf1807","No item-specific permission located","","Locate original creator/license or replace with documented original content"
"public/assets/teams/boss/.logo_stylized","artwork-other","28a26761102f1a122a9e24ff19a7eff5a980cecc900b4041db1f0eec3f90b3ed","No item-specific permission located","","Locate original creator/license or replace with documented original content"
"public/assets/teams/bounty_hunters/.logo_modified","artwork-other","0a23623c21471bf4ec47f2a377e13837867e6a9f97e9fbc7418d655e9fbf1807","No item-specific permission located","","Locate original creator/license or replace with documented original content"
"public/assets/teams/bounty_hunters/.logo_stylized","artwork-other","28a26761102f1a122a9e24ff19a7eff5a980cecc900b4041db1f0eec3f90b3ed","No item-specific permission located","","Locate original creator/license or replace with documented original content"
"public/assets/teams/bozz/logo.svg","logo","819ce6ff0970413ad102f79a6520a782602bc188f4dbcebc3c9b937500238249","Fictionalized existing identities; original reference and creator rights unresolved","docs/audit-2026-09-12/logo-reference-audit.json","Locate original creator/license or replace with documented original content"
"public/assets/teams/brute/.logo_modified","artwork-other","0a23623c21471bf4ec47f2a377e13837867e6a9f97e9fbc7418d655e9fbf1807","No item-specific permission located","","Locate original creator/license or replace with documented original content"
"public/assets/teams/brute/.logo_stylized","artwork-other","28a26761102f1a122a9e24ff19a7eff5a980cecc900b4041db1f0eec3f90b3ed","No item-specific permission located","","Locate original creator/license or replace with documented original content"
"public/assets/teams/bruti/logo.svg","logo","252b82dfc27a1c83a01dea6f9d416336904503e9a01847b3c38488b0d522b142","Fictionalized existing identities; original reference and creator rights unresolved","docs/audit-2026-09-12/logo-reference-audit.json","Locate original creator/license or replace with documented original content"
"public/assets/teams/buring_players/logo.svg","logo","ceea0ff427a7797cce1c9bbb711e9076e1f2dded90d4337e6968098620536174","Fictionalized existing identities; original reference and creator rights unresolved","docs/audit-2026-09-12/logo-reference-audit.json","Locate original creator/license or replace with documented original content"
"public/assets/teams/bushido_wildcats/.logo_modified","artwork-other","0a23623c21471bf4ec47f2a377e13837867e6a9f97e9fbc7418d655e9fbf1807","No item-specific permission located","","Locate original creator/license or replace with documented original content"
"public/assets/teams/bushido_wildcats/.logo_stylized","artwork-other","28a26761102f1a122a9e24ff19a7eff5a980cecc900b4041db1f0eec3f90b3ed","No item-specific permission located","","Locate original creator/license or replace with documented original content"
"public/assets/teams/bushydo_wildcods/logo.svg","logo","14eaedc07b763d59f5af07c3a14e636893ec58860b7e94323d163ca793497811","Fictionalized existing identities; original reference and creator rights unresolved","docs/audit-2026-09-12/logo-reference-audit.json","Locate original creator/license or replace with documented original content"
"public/assets/teams/calaoscornos/.logo_modified","artwork-other","0a23623c21471bf4ec47f2a377e13837867e6a9f97e9fbc7418d655e9fbf1807","No item-specific permission located","","Locate original creator/license or replace with documented original content"
"public/assets/teams/calaoscornos/.logo_stylized","artwork-other","28a26761102f1a122a9e24ff19a7eff5a980cecc900b4041db1f0eec3f90b3ed","No item-specific permission located","","Locate original creator/license or replace with documented original content"
"public/assets/teams/calaoskurnos/logo.svg","logo","7e3d4049d0b206098cde259260427cb6dad4681f0cbb58a2b8d8832f2dca0c59","Fictionalized existing identities; original reference and creator rights unresolved","docs/audit-2026-09-12/logo-reference-audit.json","Locate original creator/license or replace with documented original content"
"public/assets/teams/century_rogues/logo.svg","logo","57c52d8cf5dbd780bca648cdb1d6691bee2602a40e0d2f2b3af695783d0a64df","Fictionalized existing identities; original reference and creator rights unresolved","docs/audit-2026-09-12/logo-reference-audit.json","Locate original creator/license or replace with documented original content"
"public/assets/teams/change_the_game/.logo_modified","artwork-other","0a23623c21471bf4ec47f2a377e13837867e6a9f97e9fbc7418d655e9fbf1807","No item-specific permission located","","Locate original creator/license or replace with documented original content"
"public/assets/teams/change_the_game/.logo_stylized","artwork-other","28a26761102f1a122a9e24ff19a7eff5a980cecc900b4041db1f0eec3f90b3ed","No item-specific permission located","","Locate original creator/license or replace with documented original content"
"public/assets/teams/charrados/.logo_modified","artwork-other","0a23623c21471bf4ec47f2a377e13837867e6a9f97e9fbc7418d655e9fbf1807","No item-specific permission located","","Locate original creator/license or replace with documented original content"
"public/assets/teams/charrados/.logo_stylized","artwork-other","28a26761102f1a122a9e24ff19a7eff5a980cecc900b4041db1f0eec3f90b3ed","No item-specific permission located","","Locate original creator/license or replace with documented original content"
"public/assets/teams/chicken_coop/.logo_modified","artwork-other","0a23623c21471bf4ec47f2a377e13837867e6a9f97e9fbc7418d655e9fbf1807","No item-specific permission located","","Locate original creator/license or replace with documented original content"
"public/assets/teams/chicken_coop/.logo_stylized","artwork-other","28a26761102f1a122a9e24ff19a7eff5a980cecc900b4041db1f0eec3f90b3ed","No item-specific permission located","","Locate original creator/license or replace with documented original content"
"public/assets/teams/chinggis_warriors/.logo_modified","artwork-other","0a23623c21471bf4ec47f2a377e13837867e6a9f97e9fbc7418d655e9fbf1807","No item-specific permission located","","Locate original creator/license or replace with documented original content"
"public/assets/teams/chinggis_warriors/.logo_stylized","artwork-other","28a26761102f1a122a9e24ff19a7eff5a980cecc900b4041db1f0eec3f90b3ed","No item-specific permission located","","Locate original creator/license or replace with documented original content"
"public/assets/teams/chinjkis_warryars/logo.svg","logo","1520a06b817a3052fa8abc48656f0a81846c49c7d967aa17a429c2dfdd95b119","Fictionalized existing identities; original reference and creator rights unresolved","docs/audit-2026-09-12/logo-reference-audit.json","Locate original creator/license or replace with documented original content"
"public/assets/teams/chonge_dhe_game/logo.svg","logo","c2023f2630d4d0ba2349f9645d76ee0a1ed3016a6352be7899a6aa465dcb569c","Fictionalized existing identities; original reference and creator rights unresolved","docs/audit-2026-09-12/logo-reference-audit.json","Locate original creator/license or replace with documented original content"
"public/assets/teams/coin_hunters/logo.svg","logo","da97e884e35af38858d232ab1173c266cf6ad9cf1586c602d5c7d99e014fdb0e","Fictionalized existing identities; original reference and creator rights unresolved","docs/audit-2026-09-12/logo-reference-audit.json","Locate original creator/license or replace with documented original content"
"public/assets/teams/cph_wolves/.logo_modified","artwork-other","0a23623c21471bf4ec47f2a377e13837867e6a9f97e9fbc7418d655e9fbf1807","No item-specific permission located","","Locate original creator/license or replace with documented original content"
"public/assets/teams/cph_wolves/.logo_stylized","artwork-other","28a26761102f1a122a9e24ff19a7eff5a980cecc900b4041db1f0eec3f90b3ed","No item-specific permission located","","Locate original creator/license or replace with documented original content"
"public/assets/teams/cph_wolvez/logo.svg","logo","f9b63e1a9c57d9af344522046e9fd5f9dfd2bfd2f85f0c6fa6d1689cd1d96f3e","Fictionalized existing identities; original reference and creator rights unresolved","docs/audit-2026-09-12/logo-reference-audit.json","Locate original creator/license or replace with documented original content"
"public/assets/teams/crashers/.logo_modified","artwork-other","0a23623c21471bf4ec47f2a377e13837867e6a9f97e9fbc7418d655e9fbf1807","No item-specific permission located","","Locate original creator/license or replace with documented original content"
"public/assets/teams/crashers/.logo_stylized","artwork-other","28a26761102f1a122a9e24ff19a7eff5a980cecc900b4041db1f0eec3f90b3ed","No item-specific permission located","","Locate original creator/license or replace with documented original content"
"public/assets/teams/csdiilit/.logo_modified","artwork-other","0a23623c21471bf4ec47f2a377e13837867e6a9f97e9fbc7418d655e9fbf1807","No item-specific permission located","","Locate original creator/license or replace with documented original content"
"public/assets/teams/csdiilit/.logo_stylized","artwork-other","28a26761102f1a122a9e24ff19a7eff5a980cecc900b4041db1f0eec3f90b3ed","No item-specific permission located","","Locate original creator/license or replace with documented original content"
"public/assets/teams/csdiylyt/logo.svg","logo","5ac72790a7a6bb923079f47d9c76b4f405ca9e639288551c5c18cdf6cd4fed70","Fictionalized existing identities; original reference and creator rights unresolved","docs/audit-2026-09-12/logo-reference-audit.json","Locate original creator/license or replace with documented original content"
"public/assets/teams/cybershoci/logo.svg","logo","b6d7bbd035d2cd4bbeff1cbd2dd28383e36a2775e0122b86280a8c00d3d8d85b","Fictionalized existing identities; original reference and creator rights unresolved","docs/audit-2026-09-12/logo-reference-audit.json","Locate original creator/license or replace with documented original content"
"public/assets/teams/cybershoke/.logo_modified","artwork-other","0a23623c21471bf4ec47f2a377e13837867e6a9f97e9fbc7418d655e9fbf1807","No item-specific permission located","","Locate original creator/license or replace with documented original content"
"public/assets/teams/cybershoke/.logo_stylized","artwork-other","28a26761102f1a122a9e24ff19a7eff5a980cecc900b4041db1f0eec3f90b3ed","No item-specific permission located","","Locate original creator/license or replace with documented original content"
"public/assets/teams/deep_cross/.logo_modified","artwork-other","0a23623c21471bf4ec47f2a377e13837867e6a9f97e9fbc7418d655e9fbf1807","No item-specific permission located","","Locate original creator/license or replace with documented original content"
"public/assets/teams/deep_cross/.logo_stylized","artwork-other","28a26761102f1a122a9e24ff19a7eff5a980cecc900b4041db1f0eec3f90b3ed","No item-specific permission located","","Locate original creator/license or replace with documented original content"
"public/assets/teams/depo/.logo_modified","artwork-other","0a23623c21471bf4ec47f2a377e13837867e6a9f97e9fbc7418d655e9fbf1807","No item-specific permission located","","Locate original creator/license or replace with documented original content"
"public/assets/teams/depo/.logo_stylized","artwork-other","28a26761102f1a122a9e24ff19a7eff5a980cecc900b4041db1f0eec3f90b3ed","No item-specific permission located","","Locate original creator/license or replace with documented original content"
"public/assets/teams/diamant/.logo_modified","artwork-other","0a23623c21471bf4ec47f2a377e13837867e6a9f97e9fbc7418d655e9fbf1807","No item-specific permission located","","Locate original creator/license or replace with documented original content"
"public/assets/teams/diamant/.logo_stylized","artwork-other","28a26761102f1a122a9e24ff19a7eff5a980cecc900b4041db1f0eec3f90b3ed","No item-specific permission located","","Locate original creator/license or replace with documented original content"
"public/assets/teams/diep_crass/logo.svg","logo","a54cec262a09e9c653f2a3147612a15e418c54069d8bdb72b9639ddfb5e47825","Fictionalized existing identities; original reference and creator rights unresolved","docs/audit-2026-09-12/logo-reference-audit.json","Locate original creator/license or replace with documented original content"
"public/assets/teams/dipa/logo.svg","logo","2c5c60e0dca4c1fe1c61a483ffc9ee8dca16cac3bf6339caabca4df9443a7d40","Fictionalized existing identities; original reference and creator rights unresolved","docs/audit-2026-09-12/logo-reference-audit.json","Locate original creator/license or replace with documented original content"
"public/assets/teams/drgn/.logo_modified","artwork-other","0a23623c21471bf4ec47f2a377e13837867e6a9f97e9fbc7418d655e9fbf1807","No item-specific permission located","","Locate original creator/license or replace with documented original content"
"public/assets/teams/drgn/.logo_stylized","artwork-other","28a26761102f1a122a9e24ff19a7eff5a980cecc900b4041db1f0eec3f90b3ed","No item-specific permission located","","Locate original creator/license or replace with documented original content"
"public/assets/teams/dxa/.logo_modified","artwork-other","0a23623c21471bf4ec47f2a377e13837867e6a9f97e9fbc7418d655e9fbf1807","No item-specific permission located","","Locate original creator/license or replace with documented original content"
"public/assets/teams/dxa/.logo_stylized","artwork-other","28a26761102f1a122a9e24ff19a7eff5a980cecc900b4041db1f0eec3f90b3ed","No item-specific permission located","","Locate original creator/license or replace with documented original content"
"public/assets/teams/ec_banga/.logo_modified","artwork-other","0a23623c21471bf4ec47f2a377e13837867e6a9f97e9fbc7418d655e9fbf1807","No item-specific permission located","","Locate original creator/license or replace with documented original content"
"public/assets/teams/ec_banga/.logo_stylized","artwork-other","28a26761102f1a122a9e24ff19a7eff5a980cecc900b4041db1f0eec3f90b3ed","No item-specific permission located","","Locate original creator/license or replace with documented original content"
"public/assets/teams/ec_bongo/logo.svg","logo","da6bbcb563ce37a42cb932a194d00542891125c87b5ff4d3c74f4b2a1edfed7a","Fictionalized existing identities; original reference and creator rights unresolved","docs/audit-2026-09-12/logo-reference-audit.json","Locate original creator/license or replace with documented original content"
"public/assets/teams/ecstatic/.logo_modified","artwork-other","0a23623c21471bf4ec47f2a377e13837867e6a9f97e9fbc7418d655e9fbf1807","No item-specific permission located","","Locate original creator/license or replace with documented original content"
"public/assets/teams/ecstatic/.logo_stylized","artwork-other","28a26761102f1a122a9e24ff19a7eff5a980cecc900b4041db1f0eec3f90b3ed","No item-specific permission located","","Locate original creator/license or replace with documented original content"
"public/assets/teams/eeb/logo.svg","logo","cf3d7142127b664784df9eb9d5a6a7ce38da92c4762e74c2d23b3b94cb42f82e","Fictionalized existing identities; original reference and creator rights unresolved","docs/audit-2026-09-12/logo-reference-audit.json","Locate original creator/license or replace with documented original content"
"public/assets/teams/egoisto/.logo_modified","artwork-other","0a23623c21471bf4ec47f2a377e13837867e6a9f97e9fbc7418d655e9fbf1807","No item-specific permission located","","Locate original creator/license or replace with documented original content"
"public/assets/teams/egoisto/.logo_stylized","artwork-other","28a26761102f1a122a9e24ff19a7eff5a980cecc900b4041db1f0eec3f90b3ed","No item-specific permission located","","Locate original creator/license or replace with documented original content"
"public/assets/teams/elitenergy/.logo_modified","artwork-other","0a23623c21471bf4ec47f2a377e13837867e6a9f97e9fbc7418d655e9fbf1807","No item-specific permission located","","Locate original creator/license or replace with documented original content"
"public/assets/teams/elitenergy/.logo_stylized","artwork-other","28a26761102f1a122a9e24ff19a7eff5a980cecc900b4041db1f0eec3f90b3ed","No item-specific permission located","","Locate original creator/license or replace with documented original content"
"public/assets/teams/ellinnars/logo.svg","logo","a6297352d6980f5aa6448eab7109241f7ed4c75d784d7905e3836b27a147561b","Fictionalized existing identities; original reference and creator rights unresolved","docs/audit-2026-09-12/logo-reference-audit.json","Locate original creator/license or replace with documented original content"
"public/assets/teams/em/logo.svg","logo","eaa178cd73b9ab3e23efca4cbedd8bca5cff05328a28e5b75e3d85881b1939fa","Fictionalized existing identities; original reference and creator rights unresolved","docs/audit-2026-09-12/logo-reference-audit.json","Locate original creator/license or replace with documented original content"
"public/assets/teams/ence/.logo_modified","artwork-other","0a23623c21471bf4ec47f2a377e13837867e6a9f97e9fbc7418d655e9fbf1807","No item-specific permission located","","Locate original creator/license or replace with documented original content"
"public/assets/teams/ence/.logo_stylized","artwork-other","28a26761102f1a122a9e24ff19a7eff5a980cecc900b4041db1f0eec3f90b3ed","No item-specific permission located","","Locate original creator/license or replace with documented original content"
"public/assets/teams/ence_academy/.logo_modified","artwork-other","0a23623c21471bf4ec47f2a377e13837867e6a9f97e9fbc7418d655e9fbf1807","No item-specific permission located","","Locate original creator/license or replace with documented original content"
"public/assets/teams/ence_academy/.logo_stylized","artwork-other","28a26761102f1a122a9e24ff19a7eff5a980cecc900b4041db1f0eec3f90b3ed","No item-specific permission located","","Locate original creator/license or replace with documented original content"
"public/assets/teams/ence_acodamy/logo.svg","logo","115827e9a30524f47b680eb14a69f3e13ee4522b101f49e999162c5427252759","Fictionalized existing identities; original reference and creator rights unresolved","docs/audit-2026-09-12/logo-reference-audit.json","Locate original creator/license or replace with documented original content"
"public/assets/teams/enfuryty/logo.svg","logo","34d2ebea8641b3c22a30e5124801465040c83a6d051e30c85eddb0fd703f331e","Fictionalized existing identities; original reference and creator rights unresolved","docs/audit-2026-09-12/logo-reference-audit.json","Locate original creator/license or replace with documented original content"
"public/assets/teams/ennar_cercla/logo.svg","logo","3e84aaabefd7619a6f9a5507d9847438a056f6888267969bd98e5a8dd78fb16c","Fictionalized existing identities; original reference and creator rights unresolved","docs/audit-2026-09-12/logo-reference-audit.json","Locate original creator/license or replace with documented original content"
"public/assets/teams/enphinite/logo.svg","logo","fc43b43b510a04428869bbd26f54b1ae25b22d841c8fcb6508e285e9eaaa35b6","Fictionalized existing identities; original reference and creator rights unresolved","docs/audit-2026-09-12/logo-reference-audit.json","Locate original creator/license or replace with documented original content"
"public/assets/teams/eruption/.logo_modified","artwork-other","0a23623c21471bf4ec47f2a377e13837867e6a9f97e9fbc7418d655e9fbf1807","No item-specific permission located","","Locate original creator/license or replace with documented original content"
"public/assets/teams/eruption/.logo_stylized","artwork-other","28a26761102f1a122a9e24ff19a7eff5a980cecc900b4041db1f0eec3f90b3ed","No item-specific permission located","","Locate original creator/license or replace with documented original content"
"public/assets/teams/eurora/logo.redesign.svg","logo","83ec54def0cbe1c2f6697280c7b9606b98fd92ac22c10805bd61f8e9c9b796e1","Fictionalized existing identities; original reference and creator rights unresolved","docs/audit-2026-09-12/logo-reference-audit.json","Locate original creator/license or replace with documented original content"
"public/assets/teams/eurora/logo.svg","logo","2d54b0db79301c947999cf751d9fe7636201550af84b32eec258a75333998ab7","Fictionalized existing identities; original reference and creator rights unresolved","docs/audit-2026-09-12/logo-reference-audit.json","Locate original creator/license or replace with documented original content"
"public/assets/teams/everblaze/logo.svg","logo","8e21834aae41589483c9af4019808a07aeb873d2dc49a226a1c8c1d2d976975a","Fictionalized existing identities; original reference and creator rights unresolved","docs/audit-2026-09-12/logo-reference-audit.json","Locate original creator/license or replace with documented original content"
"public/assets/teams/ex-gank/.logo_modified","artwork-other","0a23623c21471bf4ec47f2a377e13837867e6a9f97e9fbc7418d655e9fbf1807","No item-specific permission located","","Locate original creator/license or replace with documented original content"
"public/assets/teams/ex-gank/.logo_stylized","artwork-other","28a26761102f1a122a9e24ff19a7eff5a980cecc900b4041db1f0eec3f90b3ed","No item-specific permission located","","Locate original creator/license or replace with documented original content"
"public/assets/teams/ex-ruby/.logo_modified","artwork-other","0a23623c21471bf4ec47f2a377e13837867e6a9f97e9fbc7418d655e9fbf1807","No item-specific permission located","","Locate original creator/license or replace with documented original content"
"public/assets/teams/ex-ruby/.logo_stylized","artwork-other","28a26761102f1a122a9e24ff19a7eff5a980cecc900b4041db1f0eec3f90b3ed","No item-specific permission located","","Locate original creator/license or replace with documented original content"
"public/assets/teams/ex_jonk/logo.svg","logo","d507f612eb81aab3e30d74f33d56c8935880256094244b2f201b3ea25565e25e","Fictionalized existing identities; original reference and creator rights unresolved","docs/audit-2026-09-12/logo-reference-audit.json","Locate original creator/license or replace with documented original content"
"public/assets/teams/exsad/.logo_modified","artwork-other","0a23623c21471bf4ec47f2a377e13837867e6a9f97e9fbc7418d655e9fbf1807","No item-specific permission located","","Locate original creator/license or replace with documented original content"
"public/assets/teams/exsad/.logo_stylized","artwork-other","28a26761102f1a122a9e24ff19a7eff5a980cecc900b4041db1f0eec3f90b3ed","No item-specific permission located","","Locate original creator/license or replace with documented original content"
"public/assets/teams/exzod/logo.svg","logo","e7cee4941ae1b780d18e089b978e81a04b335380f8d84ed1c3123bd0a59893ae","Fictionalized existing identities; original reference and creator rights unresolved","docs/audit-2026-09-12/logo-reference-audit.json","Locate original creator/license or replace with documented original content"
"public/assets/teams/eyeballers/.logo_modified","artwork-other","0a23623c21471bf4ec47f2a377e13837867e6a9f97e9fbc7418d655e9fbf1807","No item-specific permission located","","Locate original creator/license or replace with documented original content"
"public/assets/teams/eyeballers/.logo_stylized","artwork-other","28a26761102f1a122a9e24ff19a7eff5a980cecc900b4041db1f0eec3f90b3ed","No item-specific permission located","","Locate original creator/license or replace with documented original content"
"public/assets/teams/f5/.logo_modified","artwork-other","0a23623c21471bf4ec47f2a377e13837867e6a9f97e9fbc7418d655e9fbf1807","No item-specific permission located","","Locate original creator/license or replace with documented original content"
"public/assets/teams/f5/.logo_stylized","artwork-other","28a26761102f1a122a9e24ff19a7eff5a980cecc900b4041db1f0eec3f90b3ed","No item-specific permission located","","Locate original creator/license or replace with documented original content"
"public/assets/teams/f5/logo.svg","logo","1f4b6bf82063f89326ef67bec5e57f8dd9daa01fbcc15a0b0deae819e715b6b9","Fictionalized existing identities; original reference and creator rights unresolved","docs/audit-2026-09-12/logo-reference-audit.json","Locate original creator/license or replace with documented original content"
"public/assets/teams/fake_do_biru/.logo_modified","artwork-other","0a23623c21471bf4ec47f2a377e13837867e6a9f97e9fbc7418d655e9fbf1807","No item-specific permission located","","Locate original creator/license or replace with documented original content"
"public/assets/teams/fake_do_biru/.logo_stylized","artwork-other","28a26761102f1a122a9e24ff19a7eff5a980cecc900b4041db1f0eec3f90b3ed","No item-specific permission located","","Locate original creator/license or replace with documented original content"
"public/assets/teams/falconry/logo.redesign.svg","logo","401f3f6d10a77cfe8f5527698b71c76e139b7aaea6062bd3f401cfa96d1499e6","Fictionalized existing identities; original reference and creator rights unresolved","docs/audit-2026-09-12/logo-reference-audit.json","Locate original creator/license or replace with documented original content"
"public/assets/teams/falconry/logo.svg","logo","97587498f36a9217bb1e928f79f49bff062c6a6d2c4442d05a27b5f531281700","Fictionalized existing identities; original reference and creator rights unresolved","docs/audit-2026-09-12/logo-reference-audit.json","Locate original creator/license or replace with documented original content"
"public/assets/teams/falcons/.logo_modified","artwork-other","0a23623c21471bf4ec47f2a377e13837867e6a9f97e9fbc7418d655e9fbf1807","No item-specific permission located","","Locate original creator/license or replace with documented original content"
"public/assets/teams/falcons/.logo_stylized","artwork-other","28a26761102f1a122a9e24ff19a7eff5a980cecc900b4041db1f0eec3f90b3ed","No item-specific permission located","","Locate original creator/license or replace with documented original content"
"public/assets/teams/falcons_force/.logo_modified","artwork-other","0a23623c21471bf4ec47f2a377e13837867e6a9f97e9fbc7418d655e9fbf1807","No item-specific permission located","","Locate original creator/license or replace with documented original content"
"public/assets/teams/falcons_force/.logo_stylized","artwork-other","28a26761102f1a122a9e24ff19a7eff5a980cecc900b4041db1f0eec3f90b3ed","No item-specific permission located","","Locate original creator/license or replace with documented original content"
"public/assets/teams/famalic_o/.logo_modified","artwork-other","0a23623c21471bf4ec47f2a377e13837867e6a9f97e9fbc7418d655e9fbf1807","No item-specific permission located","","Locate original creator/license or replace with documented original content"
"public/assets/teams/famalic_o/.logo_stylized","artwork-other","28a26761102f1a122a9e24ff19a7eff5a980cecc900b4041db1f0eec3f90b3ed","No item-specific permission located","","Locate original creator/license or replace with documented original content"
"public/assets/teams/famalik_u/logo.svg","logo","c9c459d3e7320265e5003dc8b2801b6f0e0fa5a2deee4716a576924f64ade77a","Fictionalized existing identities; original reference and creator rights unresolved","docs/audit-2026-09-12/logo-reference-audit.json","Locate original creator/license or replace with documented original content"
"public/assets/teams/favbet/.logo_modified","artwork-other","0a23623c21471bf4ec47f2a377e13837867e6a9f97e9fbc7418d655e9fbf1807","No item-specific permission located","","Locate original creator/license or replace with documented original content"
"public/assets/teams/favbet/.logo_stylized","artwork-other","28a26761102f1a122a9e24ff19a7eff5a980cecc900b4041db1f0eec3f90b3ed","No item-specific permission located","","Locate original creator/license or replace with documented original content"
"public/assets/teams/fengda/.logo_modified","artwork-other","0a23623c21471bf4ec47f2a377e13837867e6a9f97e9fbc7418d655e9fbf1807","No item-specific permission located","","Locate original creator/license or replace with documented original content"
"public/assets/teams/fengda/.logo_stylized","artwork-other","28a26761102f1a122a9e24ff19a7eff5a980cecc900b4041db1f0eec3f90b3ed","No item-specific permission located","","Locate original creator/license or replace with documented original content"
"public/assets/teams/fengdoal/logo.svg","logo","ed188936e4204e5564ad180061f093bb499c45d6d930590d596c80b412a9315f","Fictionalized existing identities; original reference and creator rights unresolved","docs/audit-2026-09-12/logo-reference-audit.json","Locate original creator/license or replace with documented original content"
"public/assets/teams/fingers_crossed/.logo_modified","artwork-other","0a23623c21471bf4ec47f2a377e13837867e6a9f97e9fbc7418d655e9fbf1807","No item-specific permission located","","Locate original creator/license or replace with documented original content"
"public/assets/teams/fingers_crossed/.logo_stylized","artwork-other","28a26761102f1a122a9e24ff19a7eff5a980cecc900b4041db1f0eec3f90b3ed","No item-specific permission located","","Locate original creator/license or replace with documented original content"
"public/assets/teams/finjers_krozsed/logo.svg","logo","ae75ce9a32f3e313ad4485eff0ade16bdfad1665be45ca957f8db4f0e7597461","Fictionalized existing identities; original reference and creator rights unresolved","docs/audit-2026-09-12/logo-reference-audit.json","Locate original creator/license or replace with documented original content"
"public/assets/teams/fira_phlox/logo.svg","logo","db76f58fca915165874c0f8bb3e136c7d4e4808dd07239c5c3cdf7ce74ec5c2a","Fictionalized existing identities; original reference and creator rights unresolved","docs/audit-2026-09-12/logo-reference-audit.json","Locate original creator/license or replace with documented original content"
"public/assets/teams/fire_flux/.logo_modified","artwork-other","0a23623c21471bf4ec47f2a377e13837867e6a9f97e9fbc7418d655e9fbf1807","No item-specific permission located","","Locate original creator/license or replace with documented original content"
"public/assets/teams/fire_flux/.logo_stylized","artwork-other","28a26761102f1a122a9e24ff19a7eff5a980cecc900b4041db1f0eec3f90b3ed","No item-specific permission located","","Locate original creator/license or replace with documented original content"
"public/assets/teams/fisher_college/.logo_modified","artwork-other","0a23623c21471bf4ec47f2a377e13837867e6a9f97e9fbc7418d655e9fbf1807","No item-specific permission located","","Locate original creator/license or replace with documented original content"
"public/assets/teams/fisher_college/.logo_stylized","artwork-other","28a26761102f1a122a9e24ff19a7eff5a980cecc900b4041db1f0eec3f90b3ed","No item-specific permission located","","Locate original creator/license or replace with documented original content"
"public/assets/teams/fluxion/logo.svg","logo","cefac99e762e612820890708137d9480aea67c7af8479a9f4674929cb925bd86","Fictionalized existing identities; original reference and creator rights unresolved","docs/audit-2026-09-12/logo-reference-audit.json","Locate original creator/license or replace with documented original content"
"public/assets/teams/flycrest/logo.svg","logo","1fb913bd3bd4cb81a78d67ed7d3b6d9b30d6f87ee3b071ce4a164bf96fd4c13d","Fictionalized existing identities; original reference and creator rights unresolved","docs/audit-2026-09-12/logo-reference-audit.json","Locate original creator/license or replace with documented original content"
"public/assets/teams/flyquest/.logo_modified","artwork-other","0a23623c21471bf4ec47f2a377e13837867e6a9f97e9fbc7418d655e9fbf1807","No item-specific permission located","","Locate original creator/license or replace with documented original content"
"public/assets/teams/flyquest/.logo_stylized","artwork-other","28a26761102f1a122a9e24ff19a7eff5a980cecc900b4041db1f0eec3f90b3ed","No item-specific permission located","","Locate original creator/license or replace with documented original content"
"public/assets/teams/flyquest_red/.logo_modified","artwork-other","0a23623c21471bf4ec47f2a377e13837867e6a9f97e9fbc7418d655e9fbf1807","No item-specific permission located","","Locate original creator/license or replace with documented original content"
"public/assets/teams/flyquest_red/.logo_stylized","artwork-other","28a26761102f1a122a9e24ff19a7eff5a980cecc900b4041db1f0eec3f90b3ed","No item-specific permission located","","Locate original creator/license or replace with documented original content"
"public/assets/teams/fokus/.logo_modified","artwork-other","0a23623c21471bf4ec47f2a377e13837867e6a9f97e9fbc7418d655e9fbf1807","No item-specific permission located","","Locate original creator/license or replace with documented original content"
"public/assets/teams/fokus/.logo_stylized","artwork-other","28a26761102f1a122a9e24ff19a7eff5a980cecc900b4041db1f0eec3f90b3ed","No item-specific permission located","","Locate original creator/license or replace with documented original content"
"public/assets/teams/folha_amarela/.logo_modified","artwork-other","0a23623c21471bf4ec47f2a377e13837867e6a9f97e9fbc7418d655e9fbf1807","No item-specific permission located","","Locate original creator/license or replace with documented original content"
"public/assets/teams/folha_amarela/.logo_stylized","artwork-other","28a26761102f1a122a9e24ff19a7eff5a980cecc900b4041db1f0eec3f90b3ed","No item-specific permission located","","Locate original creator/license or replace with documented original content"
"public/assets/teams/folqons_pharce/logo.svg","logo","9f17d71a4e19c3cdf11d57dba94b1db6a4f2f934555b68525e880b8a35595a7d","Fictionalized existing identities; original reference and creator rights unresolved","docs/audit-2026-09-12/logo-reference-audit.json","Locate original creator/license or replace with documented original content"
"public/assets/teams/foria/logo.svg","logo","a9a84605ca60fbdfa08ce8dfd51342c6fdfac84d82a3f4da14df211e3ea1fb28","Fictionalized existing identities; original reference and creator rights unresolved","docs/audit-2026-09-12/logo-reference-audit.json","Locate original creator/license or replace with documented original content"
"public/assets/teams/four_magic/.logo_modified","artwork-other","0a23623c21471bf4ec47f2a377e13837867e6a9f97e9fbc7418d655e9fbf1807","No item-specific permission located","","Locate original creator/license or replace with documented original content"
"public/assets/teams/four_magic/.logo_stylized","artwork-other","28a26761102f1a122a9e24ff19a7eff5a980cecc900b4041db1f0eec3f90b3ed","No item-specific permission located","","Locate original creator/license or replace with documented original content"
"public/assets/teams/friendly_campers/.logo_modified","artwork-other","0a23623c21471bf4ec47f2a377e13837867e6a9f97e9fbc7418d655e9fbf1807","No item-specific permission located","","Locate original creator/license or replace with documented original content"
"public/assets/teams/friendly_campers/.logo_stylized","artwork-other","28a26761102f1a122a9e24ff19a7eff5a980cecc900b4041db1f0eec3f90b3ed","No item-specific permission located","","Locate original creator/license or replace with documented original content"
"public/assets/teams/fuego/.logo_modified","artwork-other","0a23623c21471bf4ec47f2a377e13837867e6a9f97e9fbc7418d655e9fbf1807","No item-specific permission located","","Locate original creator/license or replace with documented original content"
"public/assets/teams/fuego/.logo_stylized","artwork-other","28a26761102f1a122a9e24ff19a7eff5a980cecc900b4041db1f0eec3f90b3ed","No item-specific permission located","","Locate original creator/license or replace with documented original content"
"public/assets/teams/fulha_omarila/logo.svg","logo","e5ebae6ceb0360a4c629dadf17a2916b59192db7b2c77013c7dc024e5c5b7add","Fictionalized existing identities; original reference and creator rights unresolved","docs/audit-2026-09-12/logo-reference-audit.json","Locate original creator/license or replace with documented original content"
"public/assets/teams/furziyx_ralaad/logo.svg","logo","5296bb651aaff1160ec84705764705400a6b28e34a026504f52e3e73dd488a16","Fictionalized existing identities; original reference and creator rights unresolved","docs/audit-2026-09-12/logo-reference-audit.json","Locate original creator/license or replace with documented original content"
"public/assets/teams/fut/.logo_modified","artwork-other","0a23623c21471bf4ec47f2a377e13837867e6a9f97e9fbc7418d655e9fbf1807","No item-specific permission located","","Locate original creator/license or replace with documented original content"
"public/assets/teams/fut/.logo_stylized","artwork-other","28a26761102f1a122a9e24ff19a7eff5a980cecc900b4041db1f0eec3f90b3ed","No item-specific permission located","","Locate original creator/license or replace with documented original content"
"public/assets/teams/fut/logo.svg","logo","f2eb4e7ac84b2dd9833e8afa83751e04fb9495511e4271b04d4eb024a6d4a3dd","Fictionalized existing identities; original reference and creator rights unresolved","docs/audit-2026-09-12/logo-reference-audit.json","Locate original creator/license or replace with documented original content"
"public/assets/teams/fuuryx_mogiq/logo.svg","logo","2ecc4d04e3129642539bf222d8da166912ad355f685bca09e8901f1c923b0902","Fictionalized existing identities; original reference and creator rights unresolved","docs/audit-2026-09-12/logo-reference-audit.json","Locate original creator/license or replace with documented original content"
"public/assets/teams/g_two/logo.svg","logo","da742ad71c3d6e33587ac85b20747edf7badda2c4e4d72a0ef42ffe9a7f04d91","Fictionalized existing identities; original reference and creator rights unresolved","docs/audit-2026-09-12/logo-reference-audit.json","Locate original creator/license or replace with documented original content"
"public/assets/teams/gaimin_gladiators/.logo_modified","artwork-other","0a23623c21471bf4ec47f2a377e13837867e6a9f97e9fbc7418d655e9fbf1807","No item-specific permission located","","Locate original creator/license or replace with documented original content"
"public/assets/teams/gaimin_gladiators/.logo_stylized","artwork-other","28a26761102f1a122a9e24ff19a7eff5a980cecc900b4041db1f0eec3f90b3ed","No item-specific permission located","","Locate original creator/license or replace with documented original content"
"public/assets/teams/galaxy/.logo_modified","artwork-other","0a23623c21471bf4ec47f2a377e13837867e6a9f97e9fbc7418d655e9fbf1807","No item-specific permission located","","Locate original creator/license or replace with documented original content"
"public/assets/teams/galaxy/.logo_stylized","artwork-other","28a26761102f1a122a9e24ff19a7eff5a980cecc900b4041db1f0eec3f90b3ed","No item-specific permission located","","Locate original creator/license or replace with documented original content"
"public/assets/teams/galorys/.logo_modified","artwork-other","0a23623c21471bf4ec47f2a377e13837867e6a9f97e9fbc7418d655e9fbf1807","No item-specific permission located","","Locate original creator/license or replace with documented original content"
"public/assets/teams/galorys/.logo_stylized","artwork-other","28a26761102f1a122a9e24ff19a7eff5a980cecc900b4041db1f0eec3f90b3ed","No item-specific permission located","","Locate original creator/license or replace with documented original content"
"public/assets/teams/gamehunters/.logo_modified","artwork-other","0a23623c21471bf4ec47f2a377e13837867e6a9f97e9fbc7418d655e9fbf1807","No item-specific permission located","","Locate original creator/license or replace with documented original content"
"public/assets/teams/gamehunters/.logo_stylized","artwork-other","28a26761102f1a122a9e24ff19a7eff5a980cecc900b4041db1f0eec3f90b3ed","No item-specific permission located","","Locate original creator/license or replace with documented original content"
"public/assets/teams/gamer_league/logo.svg","logo","6a71afb21a3a6883aa8cbb5ab8c05215229e4c7756031a0693279a907cdb0815","Fictionalized existing identities; original reference and creator rights unresolved","docs/audit-2026-09-12/logo-reference-audit.json","Locate original creator/license or replace with documented original content"
"public/assets/teams/gantle_motex/logo.svg","logo","d02997f0771c4c6523c68cd2c6995c1593340b9a0ce9bf3d3471b345c92cf4e9","Fictionalized existing identities; original reference and creator rights unresolved","docs/audit-2026-09-12/logo-reference-audit.json","Locate original creator/license or replace with documented original content"
"public/assets/teams/genone/.logo_modified","artwork-other","0a23623c21471bf4ec47f2a377e13837867e6a9f97e9fbc7418d655e9fbf1807","No item-specific permission located","","Locate original creator/license or replace with documented original content"
"public/assets/teams/genone/.logo_stylized","artwork-other","28a26761102f1a122a9e24ff19a7eff5a980cecc900b4041db1f0eec3f90b3ed","No item-specific permission located","","Locate original creator/license or replace with documented original content"
"public/assets/teams/gentle_mates/.logo_modified","artwork-other","0a23623c21471bf4ec47f2a377e13837867e6a9f97e9fbc7418d655e9fbf1807","No item-specific permission located","","Locate original creator/license or replace with documented original content"
"public/assets/teams/gentle_mates/.logo_stylized","artwork-other","28a26761102f1a122a9e24ff19a7eff5a980cecc900b4041db1f0eec3f90b3ed","No item-specific permission located","","Locate original creator/license or replace with documented original content"
"public/assets/teams/goimin_gladiaturs/logo.svg","logo","2e54eeef64a11c583558d0593165122d709cf2020a98809a115a610f812810d5","Fictionalized existing identities; original reference and creator rights unresolved","docs/audit-2026-09-12/logo-reference-audit.json","Locate original creator/license or replace with documented original content"
"public/assets/teams/golarysel/logo.svg","logo","33f23e782d6afe163f1ddcca3ab7d412fbcbede9fc4aa324b1c110002da0dd1e","Fictionalized existing identities; original reference and creator rights unresolved","docs/audit-2026-09-12/logo-reference-audit.json","Locate original creator/license or replace with documented original content"
"public/assets/teams/gomehynters/logo.svg","logo","aee8dbf668245dcf8446d749a0cb493c4766dc508be89255d10a760410220e78","Fictionalized existing identities; original reference and creator rights unresolved","docs/audit-2026-09-12/logo-reference-audit.json","Locate original creator/license or replace with documented original content"
"public/assets/teams/groond_zaro/logo.svg","logo","14584790d2940e94fe2403f44eafd4b969467442979c0f9a351d55779110344d","Fictionalized existing identities; original reference and creator rights unresolved","docs/audit-2026-09-12/logo-reference-audit.json","Locate original creator/license or replace with documented original content"
"public/assets/teams/ground_zero/.logo_modified","artwork-other","0a23623c21471bf4ec47f2a377e13837867e6a9f97e9fbc7418d655e9fbf1807","No item-specific permission located","","Locate original creator/license or replace with documented original content"
"public/assets/teams/ground_zero/.logo_stylized","artwork-other","28a26761102f1a122a9e24ff19a7eff5a980cecc900b4041db1f0eec3f90b3ed","No item-specific permission located","","Locate original creator/license or replace with documented original content"
"public/assets/teams/hammerheads/logo.svg","logo","a57026454efded83c114af8a0aa07973583ea885ccd13b5c3d965c1be76d3d00","Fictionalized existing identities; original reference and creator rights unresolved","docs/audit-2026-09-12/logo-reference-audit.json","Locate original creator/license or replace with documented original content"
"public/assets/teams/hatual/logo.svg","logo","975bdce522bd6f9c42e73706d442d1da882a130af12ec6a59323241001e8f931","Fictionalized existing identities; original reference and creator rights unresolved","docs/audit-2026-09-12/logo-reference-audit.json","Locate original creator/license or replace with documented original content"
"public/assets/teams/havu/.logo_modified","artwork-other","0a23623c21471bf4ec47f2a377e13837867e6a9f97e9fbc7418d655e9fbf1807","No item-specific permission located","","Locate original creator/license or replace with documented original content"
"public/assets/teams/havu/.logo_stylized","artwork-other","28a26761102f1a122a9e24ff19a7eff5a980cecc900b4041db1f0eec3f90b3ed","No item-specific permission located","","Locate original creator/license or replace with documented original content"
"public/assets/teams/hevy/logo.svg","logo","96eaed518d8ce946aab96f6402c7f610870b8859879194821d98a9ee13d230a4","Fictionalized existing identities; original reference and creator rights unresolved","docs/audit-2026-09-12/logo-reference-audit.json","Locate original creator/license or replace with documented original content"
"public/assets/teams/hindsight/.logo_modified","artwork-other","0a23623c21471bf4ec47f2a377e13837867e6a9f97e9fbc7418d655e9fbf1807","No item-specific permission located","","Locate original creator/license or replace with documented original content"
"public/assets/teams/hindsight/.logo_stylized","artwork-other","28a26761102f1a122a9e24ff19a7eff5a980cecc900b4041db1f0eec3f90b3ed","No item-specific permission located","","Locate original creator/license or replace with documented original content"
"public/assets/teams/hiroecium_acedemy/logo.svg","logo","676cc3f617d79d4c6739b3b16cbfe12886a62c050b5ca33e33eb44c977712cc7","Fictionalized existing identities; original reference and creator rights unresolved","docs/audit-2026-09-12/logo-reference-audit.json","Locate original creator/license or replace with documented original content"
"public/assets/teams/hotu/.logo_modified","artwork-other","0a23623c21471bf4ec47f2a377e13837867e6a9f97e9fbc7418d655e9fbf1807","No item-specific permission located","","Locate original creator/license or replace with documented original content"
"public/assets/teams/hotu/.logo_stylized","artwork-other","28a26761102f1a122a9e24ff19a7eff5a980cecc900b4041db1f0eec3f90b3ed","No item-specific permission located","","Locate original creator/license or replace with documented original content"
"public/assets/teams/hyperspiryd/logo.svg","logo","81829d1a9e5b8c2b6dc9be62c72a51d2caafa8effd761ee31f9e85e547f373b0","Fictionalized existing identities; original reference and creator rights unresolved","docs/audit-2026-09-12/logo-reference-audit.json","Locate original creator/license or replace with documented original content"
"public/assets/teams/ikoisto/logo.svg","logo","e128b22be549d8ccd686b0175e95cd44ba47612eb9cb5b27d6ccdcce74140c3b","Fictionalized existing identities; original reference and creator rights unresolved","docs/audit-2026-09-12/logo-reference-audit.json","Locate original creator/license or replace with documented original content"
"public/assets/teams/ilidenergy/logo.svg","logo","b5593bb9f60c8c1f3be4e2b4b08f9afef5ebd4e7dbaa3a6af50090776242df6e","Fictionalized existing identities; original reference and creator rights unresolved","docs/audit-2026-09-12/logo-reference-audit.json","Locate original creator/license or replace with documented original content"
"public/assets/teams/illwill/.logo_modified","artwork-other","0a23623c21471bf4ec47f2a377e13837867e6a9f97e9fbc7418d655e9fbf1807","No item-specific permission located","","Locate original creator/license or replace with documented original content"
"public/assets/teams/illwill/.logo_stylized","artwork-other","28a26761102f1a122a9e24ff19a7eff5a980cecc900b4041db1f0eec3f90b3ed","No item-specific permission located","","Locate original creator/license or replace with documented original content"
"public/assets/teams/illwill/logo.svg","logo","b4caf7b9fe5ff1a40936a0f2e1e5e324179a005f2d3ffb111d3def0f21a8edf2","Fictionalized existing identities; original reference and creator rights unresolved","docs/audit-2026-09-12/logo-reference-audit.json","Locate original creator/license or replace with documented original content"
"public/assets/teams/imperius/logo.svg","logo","622df037d7f626119ebcfd05264366fbab5fb35dfc8ffa423c805c13b9eef33f","Fictionalized existing identities; original reference and creator rights unresolved","docs/audit-2026-09-12/logo-reference-audit.json","Locate original creator/license or replace with documented original content"
"public/assets/teams/impulse_gw/.logo_modified","artwork-other","0a23623c21471bf4ec47f2a377e13837867e6a9f97e9fbc7418d655e9fbf1807","No item-specific permission located","","Locate original creator/license or replace with documented original content"
"public/assets/teams/impulse_gw/.logo_stylized","artwork-other","28a26761102f1a122a9e24ff19a7eff5a980cecc900b4041db1f0eec3f90b3ed","No item-specific permission located","","Locate original creator/license or replace with documented original content"
"public/assets/teams/impulzi_gw/logo.svg","logo","d304bdb7f717ba6a4e6a649584985db50aee25ff198c96242e2f3113eb38c10b","Fictionalized existing identities; original reference and creator rights unresolved","docs/audit-2026-09-12/logo-reference-audit.json","Locate original creator/license or replace with documented original content"
"public/assets/teams/incontrol/.logo_modified","artwork-other","0a23623c21471bf4ec47f2a377e13837867e6a9f97e9fbc7418d655e9fbf1807","No item-specific permission located","","Locate original creator/license or replace with documented original content"
"public/assets/teams/incontrol/.logo_stylized","artwork-other","28a26761102f1a122a9e24ff19a7eff5a980cecc900b4041db1f0eec3f90b3ed","No item-specific permission located","","Locate original creator/license or replace with documented original content"
"public/assets/teams/infinite/.logo_modified","artwork-other","0a23623c21471bf4ec47f2a377e13837867e6a9f97e9fbc7418d655e9fbf1807","No item-specific permission located","","Locate original creator/license or replace with documented original content"
"public/assets/teams/infinite/.logo_stylized","artwork-other","28a26761102f1a122a9e24ff19a7eff5a980cecc900b4041db1f0eec3f90b3ed","No item-specific permission located","","Locate original creator/license or replace with documented original content"
"public/assets/teams/infurity/.logo_modified","artwork-other","0a23623c21471bf4ec47f2a377e13837867e6a9f97e9fbc7418d655e9fbf1807","No item-specific permission located","","Locate original creator/license or replace with documented original content"
"public/assets/teams/infurity/.logo_stylized","artwork-other","28a26761102f1a122a9e24ff19a7eff5a980cecc900b4041db1f0eec3f90b3ed","No item-specific permission located","","Locate original creator/license or replace with documented original content"
"public/assets/teams/inner_circle/.logo_modified","artwork-other","0a23623c21471bf4ec47f2a377e13837867e6a9f97e9fbc7418d655e9fbf1807","No item-specific permission located","","Locate original creator/license or replace with documented original content"
"public/assets/teams/inner_circle/.logo_stylized","artwork-other","28a26761102f1a122a9e24ff19a7eff5a980cecc900b4041db1f0eec3f90b3ed","No item-specific permission located","","Locate original creator/license or replace with documented original content"
"public/assets/teams/iqstatical/logo.svg","logo","90104d8e872f606eef18be32ca009e1b98339ee0401966588418369119453cb7","Fictionalized existing identities; original reference and creator rights unresolved","docs/audit-2026-09-12/logo-reference-audit.json","Locate original creator/license or replace with documented original content"
"public/assets/teams/iroptionra/logo.svg","logo","c27cc5ef2c5f7e5b033f17a8e1e962d89c7c6ce87c3f5ce78f62f357a203aa9c","Fictionalized existing identities; original reference and creator rights unresolved","docs/audit-2026-09-12/logo-reference-audit.json","Locate original creator/license or replace with documented original content"
"public/assets/teams/isurus/.logo_modified","artwork-other","0a23623c21471bf4ec47f2a377e13837867e6a9f97e9fbc7418d655e9fbf1807","No item-specific permission located","","Locate original creator/license or replace with documented original content"
"public/assets/teams/isurus/.logo_stylized","artwork-other","28a26761102f1a122a9e24ff19a7eff5a980cecc900b4041db1f0eec3f90b3ed","No item-specific permission located","","Locate original creator/license or replace with documented original content"
"public/assets/teams/ix_rubyel/logo.svg","logo","c846261214a2b037335379fc41d6b25e10e388ce5eec07681b398f3c68e6b89f","Fictionalized existing identities; original reference and creator rights unresolved","docs/audit-2026-09-12/logo-reference-audit.json","Locate original creator/license or replace with documented original content"
"public/assets/teams/iyeballars/logo.svg","logo","5cbb15256187f54a36af101a3d8200b0b8ec64eb165f6762173fbc99677fe384","Fictionalized existing identities; original reference and creator rights unresolved","docs/audit-2026-09-12/logo-reference-audit.json","Locate original creator/license or replace with documented original content"
"public/assets/teams/izyrus/logo.svg","logo","6d118d9128ea58fae13f6ce05b54cd33ec7b98b776a3db8abe3102438590350c","Fictionalized existing identities; original reference and creator rights unresolved","docs/audit-2026-09-12/logo-reference-audit.json","Locate original creator/license or replace with documented original content"
"public/assets/teams/jahnny_spieds/logo.svg","logo","6abbb3b7988cfa27f06bd7a37cd93611591c9e4ce87daa1ad0fd074004d02179","Fictionalized existing identities; original reference and creator rights unresolved","docs/audit-2026-09-12/logo-reference-audit.json","Locate original creator/license or replace with documented original content"
"public/assets/teams/jijiehao/.logo_modified","artwork-other","0a23623c21471bf4ec47f2a377e13837867e6a9f97e9fbc7418d655e9fbf1807","No item-specific permission located","","Locate original creator/license or replace with documented original content"
"public/assets/teams/jijiehao/.logo_stylized","artwork-other","28a26761102f1a122a9e24ff19a7eff5a980cecc900b4041db1f0eec3f90b3ed","No item-specific permission located","","Locate original creator/license or replace with documented original content"
"public/assets/teams/jijyahao/logo.svg","logo","ca48e1c519930d5b730b253fc7ba35e29bdc6b501ef4ca0224d32c8b5caa12ac","Fictionalized existing identities; original reference and creator rights unresolved","docs/audit-2026-09-12/logo-reference-audit.json","Locate original creator/license or replace with documented original content"
"public/assets/teams/johnny_speeds/.logo_modified","artwork-other","0a23623c21471bf4ec47f2a377e13837867e6a9f97e9fbc7418d655e9fbf1807","No item-specific permission located","","Locate original creator/license or replace with documented original content"
"public/assets/teams/johnny_speeds/.logo_stylized","artwork-other","28a26761102f1a122a9e24ff19a7eff5a980cecc900b4041db1f0eec3f90b3ed","No item-specific permission located","","Locate original creator/license or replace with documented original content"
"public/assets/teams/jumbo/.logo_modified","artwork-other","0a23623c21471bf4ec47f2a377e13837867e6a9f97e9fbc7418d655e9fbf1807","No item-specific permission located","","Locate original creator/license or replace with documented original content"
"public/assets/teams/jumbo/.logo_stylized","artwork-other","28a26761102f1a122a9e24ff19a7eff5a980cecc900b4041db1f0eec3f90b3ed","No item-specific permission located","","Locate original creator/license or replace with documented original content"
"public/assets/teams/jumboex/logo.svg","logo","8384af4bed98bbbe0eeeee058688c96bfd0de0cb1ac44fbb49ff7cdd00c8492a","Fictionalized existing identities; original reference and creator rights unresolved","docs/audit-2026-09-12/logo-reference-audit.json","Locate original creator/license or replace with documented original content"
"public/assets/teams/just_swing/.logo_modified","artwork-other","0a23623c21471bf4ec47f2a377e13837867e6a9f97e9fbc7418d655e9fbf1807","No item-specific permission located","","Locate original creator/license or replace with documented original content"
"public/assets/teams/just_swing/.logo_stylized","artwork-other","28a26761102f1a122a9e24ff19a7eff5a980cecc900b4041db1f0eec3f90b3ed","No item-specific permission located","","Locate original creator/license or replace with documented original content"
"public/assets/teams/justex_swing/logo.svg","logo","84324e848f7efe4e8ecff4af624f6cd93fedf0ccee43a58a631ff1407c3e2ae6","Fictionalized existing identities; original reference and creator rights unresolved","docs/audit-2026-09-12/logo-reference-audit.json","Locate original creator/license or replace with documented original content"
"public/assets/teams/k27/.logo_modified","artwork-other","0a23623c21471bf4ec47f2a377e13837867e6a9f97e9fbc7418d655e9fbf1807","No item-specific permission located","","Locate original creator/license or replace with documented original content"
"public/assets/teams/k27/.logo_stylized","artwork-other","28a26761102f1a122a9e24ff19a7eff5a980cecc900b4041db1f0eec3f90b3ed","No item-specific permission located","","Locate original creator/license or replace with documented original content"
"public/assets/teams/k2_erex/logo.svg","logo","4e7ee5e3b00f90f98fc980397c42247460e78a5e9a89160eef78d50f16b7d4ab","Fictionalized existing identities; original reference and creator rights unresolved","docs/audit-2026-09-12/logo-reference-audit.json","Locate original creator/license or replace with documented original content"
"public/assets/teams/keyd_stars/.logo_modified","artwork-other","0a23623c21471bf4ec47f2a377e13837867e6a9f97e9fbc7418d655e9fbf1807","No item-specific permission located","","Locate original creator/license or replace with documented original content"
"public/assets/teams/keyd_stars/.logo_stylized","artwork-other","28a26761102f1a122a9e24ff19a7eff5a980cecc900b4041db1f0eec3f90b3ed","No item-specific permission located","","Locate original creator/license or replace with documented original content"
"public/assets/teams/kinone/logo.svg","logo","bbd472f85f1bd17a368e2bb562ce650538ecc63e669069a3fad6145cb856f5c9","Fictionalized existing identities; original reference and creator rights unresolved","docs/audit-2026-09-12/logo-reference-audit.json","Locate original creator/license or replace with documented original content"
"public/assets/teams/kolesie/.logo_modified","artwork-other","0a23623c21471bf4ec47f2a377e13837867e6a9f97e9fbc7418d655e9fbf1807","No item-specific permission located","","Locate original creator/license or replace with documented original content"
"public/assets/teams/kolesie/.logo_stylized","artwork-other","28a26761102f1a122a9e24ff19a7eff5a980cecc900b4041db1f0eec3f90b3ed","No item-specific permission located","","Locate original creator/license or replace with documented original content"
"public/assets/teams/kono/.logo_modified","artwork-other","0a23623c21471bf4ec47f2a377e13837867e6a9f97e9fbc7418d655e9fbf1807","No item-specific permission located","","Locate original creator/license or replace with documented original content"
"public/assets/teams/kono/.logo_stylized","artwork-other","28a26761102f1a122a9e24ff19a7eff5a980cecc900b4041db1f0eec3f90b3ed","No item-specific permission located","","Locate original creator/license or replace with documented original content"
"public/assets/teams/kono/logo.svg","logo","93546cbcb7863c471ec30d6f062722039d644fc902dca9e39dec463b77443c7e","Fictionalized existing identities; original reference and creator rights unresolved","docs/audit-2026-09-12/logo-reference-audit.json","Locate original creator/license or replace with documented original content"
"public/assets/teams/lag/.logo_modified","artwork-other","0a23623c21471bf4ec47f2a377e13837867e6a9f97e9fbc7418d655e9fbf1807","No item-specific permission located","","Locate original creator/license or replace with documented original content"
"public/assets/teams/lag/.logo_stylized","artwork-other","28a26761102f1a122a9e24ff19a7eff5a980cecc900b4041db1f0eec3f90b3ed","No item-specific permission located","","Locate original creator/license or replace with documented original content"
"public/assets/teams/last_bullet/.logo_modified","artwork-other","0a23623c21471bf4ec47f2a377e13837867e6a9f97e9fbc7418d655e9fbf1807","No item-specific permission located","","Locate original creator/license or replace with documented original content"
"public/assets/teams/last_bullet/.logo_stylized","artwork-other","28a26761102f1a122a9e24ff19a7eff5a980cecc900b4041db1f0eec3f90b3ed","No item-specific permission located","","Locate original creator/license or replace with documented original content"
"public/assets/teams/lazer_cats/.logo_modified","artwork-other","0a23623c21471bf4ec47f2a377e13837867e6a9f97e9fbc7418d655e9fbf1807","No item-specific permission located","","Locate original creator/license or replace with documented original content"
"public/assets/teams/lazer_cats/.logo_stylized","artwork-other","28a26761102f1a122a9e24ff19a7eff5a980cecc900b4041db1f0eec3f90b3ed","No item-specific permission located","","Locate original creator/license or replace with documented original content"
"public/assets/teams/lazerro_cadz/logo.svg","logo","1054004beee4e4ae93f7e83f6fe446e38f779bf171dc86f55456e102bdb5d909","Fictionalized existing identities; original reference and creator rights unresolved","docs/audit-2026-09-12/logo-reference-audit.json","Locate original creator/license or replace with documented original content"
"public/assets/teams/legacy/.logo_modified","artwork-other","0a23623c21471bf4ec47f2a377e13837867e6a9f97e9fbc7418d655e9fbf1807","No item-specific permission located","","Locate original creator/license or replace with documented original content"
"public/assets/teams/legacy/.logo_stylized","artwork-other","28a26761102f1a122a9e24ff19a7eff5a980cecc900b4041db1f0eec3f90b3ed","No item-specific permission located","","Locate original creator/license or replace with documented original content"
"public/assets/teams/legion/.logo_modified","artwork-other","0a23623c21471bf4ec47f2a377e13837867e6a9f97e9fbc7418d655e9fbf1807","No item-specific permission located","","Locate original creator/license or replace with documented original content"
"public/assets/teams/legion/.logo_stylized","artwork-other","28a26761102f1a122a9e24ff19a7eff5a980cecc900b4041db1f0eec3f90b3ed","No item-specific permission located","","Locate original creator/license or replace with documented original content"
"public/assets/teams/legor/logo.svg","logo","4d9fc91802468520d3527c863ae31266aedd0704d0057f8f013138f605c34044","Fictionalized existing identities; original reference and creator rights unresolved","docs/audit-2026-09-12/logo-reference-audit.json","Locate original creator/license or replace with documented original content"
"public/assets/teams/leo/.logo_modified","artwork-other","0a23623c21471bf4ec47f2a377e13837867e6a9f97e9fbc7418d655e9fbf1807","No item-specific permission located","","Locate original creator/license or replace with documented original content"
"public/assets/teams/leo/.logo_stylized","artwork-other","28a26761102f1a122a9e24ff19a7eff5a980cecc900b4041db1f0eec3f90b3ed","No item-specific permission located","","Locate original creator/license or replace with documented original content"
"public/assets/teams/lest_byllet/logo.svg","logo","c5f71b2d58f3da84c572787b18cbd967714de4067ac71582b07ca222dc7351b1","Fictionalized existing identities; original reference and creator rights unresolved","docs/audit-2026-09-12/logo-reference-audit.json","Locate original creator/license or replace with documented original content"
"public/assets/teams/lia/logo.svg","logo","c8d6d8da75bc5e6a7e2c506e3729fab00b0e256d461a249d44fb0632e470d0db","Fictionalized existing identities; original reference and creator rights unresolved","docs/audit-2026-09-12/logo-reference-audit.json","Locate original creator/license or replace with documented original content"
"public/assets/teams/ligianal/logo.svg","logo","b9cce51d0f47fc31060f0d89f63c96a4107475615da903022bd2c00bd63e387a","Fictionalized existing identities; original reference and creator rights unresolved","docs/audit-2026-09-12/logo-reference-audit.json","Locate original creator/license or replace with documented original content"
"public/assets/teams/lilmix/.logo_modified","artwork-other","0a23623c21471bf4ec47f2a377e13837867e6a9f97e9fbc7418d655e9fbf1807","No item-specific permission located","","Locate original creator/license or replace with documented original content"
"public/assets/teams/lilmix/.logo_stylized","artwork-other","28a26761102f1a122a9e24ff19a7eff5a980cecc900b4041db1f0eec3f90b3ed","No item-specific permission located","","Locate original creator/license or replace with documented original content"
"public/assets/teams/lilmix/logo.svg","logo","0db359228b25884a9276c6dc1df332ea18cb5607bd33d4ad6b9f67c342133a5b","Fictionalized existing identities; original reference and creator rights unresolved","docs/audit-2026-09-12/logo-reference-audit.json","Locate original creator/license or replace with documented original content"
"public/assets/teams/lineage/logo.svg","logo","2a995398fd71a610d7c85de75c64dbe78730d1a1e00fba96e476cfc325fb6d3e","Fictionalized existing identities; original reference and creator rights unresolved","docs/audit-2026-09-12/logo-reference-audit.json","Locate original creator/license or replace with documented original content"
"public/assets/teams/los_kogutos/.logo_modified","artwork-other","0a23623c21471bf4ec47f2a377e13837867e6a9f97e9fbc7418d655e9fbf1807","No item-specific permission located","","Locate original creator/license or replace with documented original content"
"public/assets/teams/los_kogutos/.logo_stylized","artwork-other","28a26761102f1a122a9e24ff19a7eff5a980cecc900b4041db1f0eec3f90b3ed","No item-specific permission located","","Locate original creator/license or replace with documented original content"
"public/assets/teams/lox_xojutos/logo.svg","logo","aae4ff850428561aa823c4d47bafa460b0c561aa9db1cf02af10fa6e9f2ffdab","Fictionalized existing identities; original reference and creator rights unresolved","docs/audit-2026-09-12/logo-reference-audit.json","Locate original creator/license or replace with documented original content"
"public/assets/teams/lp/.logo_modified","artwork-other","0a23623c21471bf4ec47f2a377e13837867e6a9f97e9fbc7418d655e9fbf1807","No item-specific permission located","","Locate original creator/license or replace with documented original content"
"public/assets/teams/lp/.logo_stylized","artwork-other","28a26761102f1a122a9e24ff19a7eff5a980cecc900b4041db1f0eec3f90b3ed","No item-specific permission located","","Locate original creator/license or replace with documented original content"
"public/assets/teams/lpex/logo.svg","logo","44717e0df446f5685b544796414e2ca3955cf7a9b9c13607263565d6c9b9da76","Fictionalized existing identities; original reference and creator rights unresolved","docs/audit-2026-09-12/logo-reference-audit.json","Locate original creator/license or replace with documented original content"
"public/assets/teams/lynx_vision/logo.svg","logo","84cfb804c8fe62e3dc571531f37859df5eaa3385a9ce9768a1d32c25e43e1e41","Fictionalized existing identities; original reference and creator rights unresolved","docs/audit-2026-09-12/logo-reference-audit.json","Locate original creator/license or replace with documented original content"
"public/assets/teams/magic/.logo_modified","artwork-other","0a23623c21471bf4ec47f2a377e13837867e6a9f97e9fbc7418d655e9fbf1807","No item-specific permission located","","Locate original creator/license or replace with documented original content"
"public/assets/teams/magic/.logo_stylized","artwork-other","28a26761102f1a122a9e24ff19a7eff5a980cecc900b4041db1f0eec3f90b3ed","No item-specific permission located","","Locate original creator/license or replace with documented original content"
"public/assets/teams/magicos/.logo_modified","artwork-other","0a23623c21471bf4ec47f2a377e13837867e6a9f97e9fbc7418d655e9fbf1807","No item-specific permission located","","Locate original creator/license or replace with documented original content"
"public/assets/teams/magicos/.logo_stylized","artwork-other","28a26761102f1a122a9e24ff19a7eff5a980cecc900b4041db1f0eec3f90b3ed","No item-specific permission located","","Locate original creator/license or replace with documented original content"
"public/assets/teams/majyc/logo.svg","logo","47b56740080dc16e41599ed5b7de3a337bd8bb6c5d2f8b8f7900b396c827e1a3","Fictionalized existing identities; original reference and creator rights unresolved","docs/audit-2026-09-12/logo-reference-audit.json","Locate original creator/license or replace with documented original content"
"public/assets/teams/mana/.logo_modified","artwork-other","0a23623c21471bf4ec47f2a377e13837867e6a9f97e9fbc7418d655e9fbf1807","No item-specific permission located","","Locate original creator/license or replace with documented original content"
"public/assets/teams/mana/.logo_stylized","artwork-other","28a26761102f1a122a9e24ff19a7eff5a980cecc900b4041db1f0eec3f90b3ed","No item-specific permission located","","Locate original creator/license or replace with documented original content"
"public/assets/teams/marnengstar/logo.svg","logo","68ff379b988afd5389e4a2e76777135bc62ed381bd2cc73a8a57c30eb5ae0d22","Fictionalized existing identities; original reference and creator rights unresolved","docs/audit-2026-09-12/logo-reference-audit.json","Locate original creator/license or replace with documented original content"
"public/assets/teams/marsborne/.logo_modified","artwork-other","0a23623c21471bf4ec47f2a377e13837867e6a9f97e9fbc7418d655e9fbf1807","No item-specific permission located","","Locate original creator/license or replace with documented original content"
"public/assets/teams/marsborne/.logo_stylized","artwork-other","28a26761102f1a122a9e24ff19a7eff5a980cecc900b4041db1f0eec3f90b3ed","No item-specific permission located","","Locate original creator/license or replace with documented original content"
"public/assets/teams/masonic/.logo_modified","artwork-other","0a23623c21471bf4ec47f2a377e13837867e6a9f97e9fbc7418d655e9fbf1807","No item-specific permission located","","Locate original creator/license or replace with documented original content"
"public/assets/teams/masonic/.logo_stylized","artwork-other","28a26761102f1a122a9e24ff19a7eff5a980cecc900b4041db1f0eec3f90b3ed","No item-specific permission located","","Locate original creator/license or replace with documented original content"
"public/assets/teams/masonic/logo.png.webp","marketing-branding","ee727db70c4d0cbca0202501f11cd105ac1d101fffe6e0c7b9496fe6914cedc0","Local store/build artwork; creator and source evidence required","docs/STEAM_REVIEW_REMEDIATION_PLAN.md","Locate original creator/license or replace with documented original content"
"public/assets/teams/masonicia/logo.svg","logo","f131da8a86dffe8079f977a82c1b7e76f03263e2c7c6d3f474136c9981084198","Fictionalized existing identities; original reference and creator rights unresolved","docs/audit-2026-09-12/logo-reference-audit.json","Locate original creator/license or replace with documented original content"
"public/assets/teams/mavrek/.logo_modified","artwork-other","0a23623c21471bf4ec47f2a377e13837867e6a9f97e9fbc7418d655e9fbf1807","No item-specific permission located","","Locate original creator/license or replace with documented original content"
"public/assets/teams/mavrek/.logo_stylized","artwork-other","28a26761102f1a122a9e24ff19a7eff5a980cecc900b4041db1f0eec3f90b3ed","No item-specific permission located","","Locate original creator/license or replace with documented original content"
"public/assets/teams/mazraea/.logo_modified","artwork-other","0a23623c21471bf4ec47f2a377e13837867e6a9f97e9fbc7418d655e9fbf1807","No item-specific permission located","","Locate original creator/license or replace with documented original content"
"public/assets/teams/mazraea/.logo_stylized","artwork-other","28a26761102f1a122a9e24ff19a7eff5a980cecc900b4041db1f0eec3f90b3ed","No item-specific permission located","","Locate original creator/license or replace with documented original content"
"public/assets/teams/mazroea/logo.svg","logo","e1f2ac3002d1ad8e37f6fc0599d6f2d1ab87d18658dbf3f43e0d967efa53373f","Fictionalized existing identities; original reference and creator rights unresolved","docs/audit-2026-09-12/logo-reference-audit.json","Locate original creator/license or replace with documented original content"
"public/assets/teams/mb_esports/logo.svg","logo","3f5d1c23bfe22c82c01bc3bcaa41c761251949d6ba0c0a168c5dc5bf2fa10065","Fictionalized existing identities; original reference and creator rights unresolved","docs/audit-2026-09-12/logo-reference-audit.json","Locate original creator/license or replace with documented original content"
"public/assets/teams/megoshort/.logo_modified","artwork-other","0a23623c21471bf4ec47f2a377e13837867e6a9f97e9fbc7418d655e9fbf1807","No item-specific permission located","","Locate original creator/license or replace with documented original content"
"public/assets/teams/megoshort/.logo_stylized","artwork-other","28a26761102f1a122a9e24ff19a7eff5a980cecc900b4041db1f0eec3f90b3ed","No item-specific permission located","","Locate original creator/license or replace with documented original content"
"public/assets/teams/mekushort/logo.svg","logo","03973d7b23bf1c79c4866792bc1e7bce5edd45fb5bbbd129b25aeaccfc6af930","Fictionalized existing identities; original reference and creator rights unresolved","docs/audit-2026-09-12/logo-reference-audit.json","Locate original creator/license or replace with documented original content"
"public/assets/teams/menlete/logo.svg","logo","e0182ba28fba11e851f6513f06ef7bf05356693f2b381b0a88861b7d017a9d42","Fictionalized existing identities; original reference and creator rights unresolved","docs/audit-2026-09-12/logo-reference-audit.json","Locate original creator/license or replace with documented original content"
"public/assets/teams/mesa/logo.svg","logo","8b488d32f430c316cc75f28b72c8217b1d87d6c957482aa309cc6cd5e4b9d156","Fictionalized existing identities; original reference and creator rights unresolved","docs/audit-2026-09-12/logo-reference-audit.json","Locate original creator/license or replace with documented original content"
"public/assets/teams/metezpurt/logo.svg","logo","aa90b7899b899990d84b2d44357ccefc468dcbd3dd0a4f833ffb141a52b519e8","Fictionalized existing identities; original reference and creator rights unresolved","docs/audit-2026-09-12/logo-reference-audit.json","Locate original creator/license or replace with documented original content"
"public/assets/teams/metizport/.logo_modified","artwork-other","0a23623c21471bf4ec47f2a377e13837867e6a9f97e9fbc7418d655e9fbf1807","No item-specific permission located","","Locate original creator/license or replace with documented original content"
"public/assets/teams/metizport/.logo_stylized","artwork-other","28a26761102f1a122a9e24ff19a7eff5a980cecc900b4041db1f0eec3f90b3ed","No item-specific permission located","","Locate original creator/license or replace with documented original content"
"public/assets/teams/mevrik/logo.svg","logo","28e7d814a5bbf9f38db195ea1ce8514e63648d8dd8c7820d91493e6a9c984b0a","Fictionalized existing identities; original reference and creator rights unresolved","docs/audit-2026-09-12/logo-reference-audit.json","Locate original creator/license or replace with documented original content"
"public/assets/teams/mindfraak/logo.svg","logo","2346e5c86298cf9dc1ef5b781f06841955d706b1bc3fe61cad4567f2490bd6d9","Fictionalized existing identities; original reference and creator rights unresolved","docs/audit-2026-09-12/logo-reference-audit.json","Locate original creator/license or replace with documented original content"
"public/assets/teams/mindfreak/.logo_modified","artwork-other","0a23623c21471bf4ec47f2a377e13837867e6a9f97e9fbc7418d655e9fbf1807","No item-specific permission located","","Locate original creator/license or replace with documented original content"
"public/assets/teams/mindfreak/.logo_stylized","artwork-other","28a26761102f1a122a9e24ff19a7eff5a980cecc900b4041db1f0eec3f90b3ed","No item-specific permission located","","Locate original creator/license or replace with documented original content"
"public/assets/teams/minlate/.logo_modified","artwork-other","0a23623c21471bf4ec47f2a377e13837867e6a9f97e9fbc7418d655e9fbf1807","No item-specific permission located","","Locate original creator/license or replace with documented original content"
"public/assets/teams/minlate/.logo_stylized","artwork-other","28a26761102f1a122a9e24ff19a7eff5a980cecc900b4041db1f0eec3f90b3ed","No item-specific permission located","","Locate original creator/license or replace with documented original content"
"public/assets/teams/minsk_house/.logo_modified","artwork-other","0a23623c21471bf4ec47f2a377e13837867e6a9f97e9fbc7418d655e9fbf1807","No item-specific permission located","","Locate original creator/license or replace with documented original content"
"public/assets/teams/minsk_house/.logo_stylized","artwork-other","28a26761102f1a122a9e24ff19a7eff5a980cecc900b4041db1f0eec3f90b3ed","No item-specific permission located","","Locate original creator/license or replace with documented original content"
"public/assets/teams/minxk_hauze/logo.svg","logo","d63aa89146a1f80bb745a541b95f9d2f624532b1c6ca1bab58c638cdd6da162d","Fictionalized existing identities; original reference and creator rights unresolved","docs/audit-2026-09-12/logo-reference-audit.json","Locate original creator/license or replace with documented original content"
"public/assets/teams/misa/.logo_modified","artwork-other","0a23623c21471bf4ec47f2a377e13837867e6a9f97e9fbc7418d655e9fbf1807","No item-specific permission located","","Locate original creator/license or replace with documented original content"
"public/assets/teams/misa/.logo_stylized","artwork-other","28a26761102f1a122a9e24ff19a7eff5a980cecc900b4041db1f0eec3f90b3ed","No item-specific permission located","","Locate original creator/license or replace with documented original content"
"public/assets/teams/mone/logo.svg","logo","fea717b3c3a61ec594df0fed38a894e001aff6b059c975eb5165fac56a8b8d2c","Fictionalized existing identities; original reference and creator rights unresolved","docs/audit-2026-09-12/logo-reference-audit.json","Locate original creator/license or replace with documented original content"
"public/assets/teams/morningstar/.logo_modified","artwork-other","0a23623c21471bf4ec47f2a377e13837867e6a9f97e9fbc7418d655e9fbf1807","No item-specific permission located","","Locate original creator/license or replace with documented original content"
"public/assets/teams/morningstar/.logo_stylized","artwork-other","28a26761102f1a122a9e24ff19a7eff5a980cecc900b4041db1f0eec3f90b3ed","No item-specific permission located","","Locate original creator/license or replace with documented original content"
"public/assets/teams/morsborni/logo.svg","logo","4da1582d75a438d44f841b320a96702dee3cd84e3b3760f3483bb83fa490d285","Fictionalized existing identities; original reference and creator rights unresolved","docs/audit-2026-09-12/logo-reference-audit.json","Locate original creator/license or replace with documented original content"
"public/assets/teams/muerta/.logo_modified","artwork-other","0a23623c21471bf4ec47f2a377e13837867e6a9f97e9fbc7418d655e9fbf1807","No item-specific permission located","","Locate original creator/license or replace with documented original content"
"public/assets/teams/muerta/.logo_stylized","artwork-other","28a26761102f1a122a9e24ff19a7eff5a980cecc900b4041db1f0eec3f90b3ed","No item-specific permission located","","Locate original creator/license or replace with documented original content"
"public/assets/teams/muxe_nxd/logo.svg","logo","2fb666dccc67dad8ac491e3433f824de3899bda89f97bc131828dedbff0b0081","Fictionalized existing identities; original reference and creator rights unresolved","docs/audit-2026-09-12/logo-reference-audit.json","Locate original creator/license or replace with documented original content"
"public/assets/teams/muxeen/logo.svg","logo","f386749899e78a13c7b38b8852ef530ea13e09fa4da2d4c0caff7a4d50772aec","Fictionalized existing identities; original reference and creator rights unresolved","docs/audit-2026-09-12/logo-reference-audit.json","Locate original creator/license or replace with documented original content"
"public/assets/teams/myertaex/logo.svg","logo","bb85f0ea69576e4f71eca3258913e1b85b27cc2b4e5085616e5b0a32a9b98a3f","Fictionalized existing identities; original reference and creator rights unresolved","docs/audit-2026-09-12/logo-reference-audit.json","Locate original creator/license or replace with documented original content"
"public/assets/teams/namega/logo.svg","logo","69f5805e827ea7fc74cd12cc146a06e1a9ff1961a7546bfb89ede8f95001529f","Fictionalized existing identities; original reference and creator rights unresolved","docs/audit-2026-09-12/logo-reference-audit.json","Locate original creator/license or replace with documented original content"
"public/assets/teams/natus_vincera/logo.svg","logo","6b6b19c2356b4bd4a6580d9886ed845deadc6f52432ec710b9d7bb1f4c45a39a","Fictionalized existing identities; original reference and creator rights unresolved","docs/audit-2026-09-12/logo-reference-audit.json","Locate original creator/license or replace with documented original content"
"public/assets/teams/naxvaid/logo.svg","logo","9edf4663332fbdf9571c2fda61ac5015ff2bf449c42ddcdd4b635b1c9844c746","Fictionalized existing identities; original reference and creator rights unresolved","docs/audit-2026-09-12/logo-reference-audit.json","Locate original creator/license or replace with documented original content"
"public/assets/teams/nemesis/.logo_modified","artwork-other","0a23623c21471bf4ec47f2a377e13837867e6a9f97e9fbc7418d655e9fbf1807","No item-specific permission located","","Locate original creator/license or replace with documented original content"
"public/assets/teams/nemesis/.logo_stylized","artwork-other","28a26761102f1a122a9e24ff19a7eff5a980cecc900b4041db1f0eec3f90b3ed","No item-specific permission located","","Locate original creator/license or replace with documented original content"
"public/assets/teams/nemiga/.logo_modified","artwork-other","0a23623c21471bf4ec47f2a377e13837867e6a9f97e9fbc7418d655e9fbf1807","No item-specific permission located","","Locate original creator/license or replace with documented original content"
"public/assets/teams/nemiga/.logo_stylized","artwork-other","28a26761102f1a122a9e24ff19a7eff5a980cecc900b4041db1f0eec3f90b3ed","No item-specific permission located","","Locate original creator/license or replace with documented original content"
"public/assets/teams/nexoz/logo.svg","logo","36b401e7bc24d03b03e383419285539df562e862914d5dc7bf23ef9fcdfd8f07","Fictionalized existing identities; original reference and creator rights unresolved","docs/audit-2026-09-12/logo-reference-audit.json","Locate original creator/license or replace with documented original content"
"public/assets/teams/nexus/.logo_modified","artwork-other","0a23623c21471bf4ec47f2a377e13837867e6a9f97e9fbc7418d655e9fbf1807","No item-specific permission located","","Locate original creator/license or replace with documented original content"
"public/assets/teams/nexus/.logo_stylized","artwork-other","28a26761102f1a122a9e24ff19a7eff5a980cecc900b4041db1f0eec3f90b3ed","No item-specific permission located","","Locate original creator/license or replace with documented original content"
"public/assets/teams/nexvoid/.logo_modified","artwork-other","0a23623c21471bf4ec47f2a377e13837867e6a9f97e9fbc7418d655e9fbf1807","No item-specific permission located","","Locate original creator/license or replace with documented original content"
"public/assets/teams/nexvoid/.logo_stylized","artwork-other","28a26761102f1a122a9e24ff19a7eff5a980cecc900b4041db1f0eec3f90b3ed","No item-specific permission located","","Locate original creator/license or replace with documented original content"
"public/assets/teams/nimeses/logo.svg","logo","40f99379ef9b98b3257921e11bd4d364a314733994ad9e8ff54bb96670091799","Fictionalized existing identities; original reference and creator rights unresolved","docs/audit-2026-09-12/logo-reference-audit.json","Locate original creator/license or replace with documented original content"
"public/assets/teams/nocliar_tijeres/logo.svg","logo","9ee641c202efcec7093d8e9337117c7644d3783220f3c1cad629d29ed2b57c83","Fictionalized existing identities; original reference and creator rights unresolved","docs/audit-2026-09-12/logo-reference-audit.json","Locate original creator/license or replace with documented original content"
"public/assets/teams/nomads/.logo_modified","artwork-other","0a23623c21471bf4ec47f2a377e13837867e6a9f97e9fbc7418d655e9fbf1807","No item-specific permission located","","Locate original creator/license or replace with documented original content"
"public/assets/teams/nomads/.logo_stylized","artwork-other","28a26761102f1a122a9e24ff19a7eff5a980cecc900b4041db1f0eec3f90b3ed","No item-specific permission located","","Locate original creator/license or replace with documented original content"
"public/assets/teams/nordix/.logo_modified","artwork-other","0a23623c21471bf4ec47f2a377e13837867e6a9f97e9fbc7418d655e9fbf1807","No item-specific permission located","","Locate original creator/license or replace with documented original content"
"public/assets/teams/nordix/.logo_stylized","artwork-other","28a26761102f1a122a9e24ff19a7eff5a980cecc900b4041db1f0eec3f90b3ed","No item-specific permission located","","Locate original creator/license or replace with documented original content"
"public/assets/teams/nova_invaders/logo.svg","logo","fc0def44c1b1381ea85a2557af49ba70a030c81e6ec749f71274cb9f7122c9c4","Fictionalized existing identities; original reference and creator rights unresolved","docs/audit-2026-09-12/logo-reference-audit.json","Locate original creator/license or replace with documented original content"
"public/assets/teams/novaq/.logo_modified","artwork-other","0a23623c21471bf4ec47f2a377e13837867e6a9f97e9fbc7418d655e9fbf1807","No item-specific permission located","","Locate original creator/license or replace with documented original content"
"public/assets/teams/novaq/.logo_stylized","artwork-other","28a26761102f1a122a9e24ff19a7eff5a980cecc900b4041db1f0eec3f90b3ed","No item-specific permission located","","Locate original creator/license or replace with documented original content"
"public/assets/teams/nrg/.logo_modified","artwork-other","0a23623c21471bf4ec47f2a377e13837867e6a9f97e9fbc7418d655e9fbf1807","No item-specific permission located","","Locate original creator/license or replace with documented original content"
"public/assets/teams/nrg/.logo_stylized","artwork-other","28a26761102f1a122a9e24ff19a7eff5a980cecc900b4041db1f0eec3f90b3ed","No item-specific permission located","","Locate original creator/license or replace with documented original content"
"public/assets/teams/nrg/logo.svg","logo","78ef59231c89a580a28f355ff0aa1b79da86e913cf70fc9cc01f54c19fb54d07","Fictionalized existing identities; original reference and creator rights unresolved","docs/audit-2026-09-12/logo-reference-audit.json","Locate original creator/license or replace with documented original content"
"public/assets/teams/nuclear_tigeres/.logo_modified","artwork-other","0a23623c21471bf4ec47f2a377e13837867e6a9f97e9fbc7418d655e9fbf1807","No item-specific permission located","","Locate original creator/license or replace with documented original content"
"public/assets/teams/nuclear_tigeres/.logo_stylized","artwork-other","28a26761102f1a122a9e24ff19a7eff5a980cecc900b4041db1f0eec3f90b3ed","No item-specific permission located","","Locate original creator/license or replace with documented original content"
"public/assets/teams/nuveq/logo.svg","logo","d58f98e070943cd95bb5a33e138a7cc1f8584128ab01f48127ecc1c70614ec3a","Fictionalized existing identities; original reference and creator rights unresolved","docs/audit-2026-09-12/logo-reference-audit.json","Locate original creator/license or replace with documented original content"
"public/assets/teams/oddik/.logo_modified","artwork-other","0a23623c21471bf4ec47f2a377e13837867e6a9f97e9fbc7418d655e9fbf1807","No item-specific permission located","","Locate original creator/license or replace with documented original content"
"public/assets/teams/oddik/.logo_stylized","artwork-other","28a26761102f1a122a9e24ff19a7eff5a980cecc900b4041db1f0eec3f90b3ed","No item-specific permission located","","Locate original creator/license or replace with documented original content"
"public/assets/teams/oddyx/logo.svg","logo","971e8ba78979a14987c0478d09327d9dfefda6f035f5a1539831e20cb23a5fb3","Fictionalized existing identities; original reference and creator rights unresolved","docs/audit-2026-09-12/logo-reference-audit.json","Locate original creator/license or replace with documented original content"
"public/assets/teams/og/.logo_modified","artwork-other","0a23623c21471bf4ec47f2a377e13837867e6a9f97e9fbc7418d655e9fbf1807","No item-specific permission located","","Locate original creator/license or replace with documented original content"
"public/assets/teams/og/.logo_stylized","artwork-other","28a26761102f1a122a9e24ff19a7eff5a980cecc900b4041db1f0eec3f90b3ed","No item-specific permission located","","Locate original creator/license or replace with documented original content"
"public/assets/teams/olybet/.logo_modified","artwork-other","0a23623c21471bf4ec47f2a377e13837867e6a9f97e9fbc7418d655e9fbf1807","No item-specific permission located","","Locate original creator/license or replace with documented original content"
"public/assets/teams/olybet/.logo_stylized","artwork-other","28a26761102f1a122a9e24ff19a7eff5a980cecc900b4041db1f0eec3f90b3ed","No item-specific permission located","","Locate original creator/license or replace with documented original content"
"public/assets/teams/olybet/logo.svg","logo","e639ed326d0f8cef8670625f8abec5bf6f710ace89eefc347e3494fa09dadd9e","Fictionalized existing identities; original reference and creator rights unresolved","docs/audit-2026-09-12/logo-reference-audit.json","Locate original creator/license or replace with documented original content"
"public/assets/teams/omega/.logo_modified","artwork-other","0a23623c21471bf4ec47f2a377e13837867e6a9f97e9fbc7418d655e9fbf1807","No item-specific permission located","","Locate original creator/license or replace with documented original content"
"public/assets/teams/omega/.logo_stylized","artwork-other","28a26761102f1a122a9e24ff19a7eff5a980cecc900b4041db1f0eec3f90b3ed","No item-specific permission located","","Locate original creator/license or replace with documented original content"
"public/assets/teams/omeja/logo.svg","logo","7cd4dff5f8ed4d1010150bc5b9e011c21a3ce04546ca8df18810f7c6d84ab5dd","Fictionalized existing identities; original reference and creator rights unresolved","docs/audit-2026-09-12/logo-reference-audit.json","Locate original creator/license or replace with documented original content"
"public/assets/teams/oramond/.logo_modified","artwork-other","0a23623c21471bf4ec47f2a377e13837867e6a9f97e9fbc7418d655e9fbf1807","No item-specific permission located","","Locate original creator/license or replace with documented original content"
"public/assets/teams/oramond/.logo_stylized","artwork-other","28a26761102f1a122a9e24ff19a7eff5a980cecc900b4041db1f0eec3f90b3ed","No item-specific permission located","","Locate original creator/license or replace with documented original content"
"public/assets/teams/outfit_49/.logo_modified","artwork-other","0a23623c21471bf4ec47f2a377e13837867e6a9f97e9fbc7418d655e9fbf1807","No item-specific permission located","","Locate original creator/license or replace with documented original content"
"public/assets/teams/outfit_49/.logo_stylized","artwork-other","28a26761102f1a122a9e24ff19a7eff5a980cecc900b4041db1f0eec3f90b3ed","No item-specific permission located","","Locate original creator/license or replace with documented original content"
"public/assets/teams/overgrowth/logo.svg","logo","fcb5f77c7cb40288489e6d7cb4bf7df6fcb75a2b9a2547007e7616ea54085a5b","Fictionalized existing identities; original reference and creator rights unresolved","docs/audit-2026-09-12/logo-reference-audit.json","Locate original creator/license or replace with documented original content"
"public/assets/teams/overknight/.logo_modified","artwork-other","0a23623c21471bf4ec47f2a377e13837867e6a9f97e9fbc7418d655e9fbf1807","No item-specific permission located","","Locate original creator/license or replace with documented original content"
"public/assets/teams/overknight/.logo_stylized","artwork-other","28a26761102f1a122a9e24ff19a7eff5a980cecc900b4041db1f0eec3f90b3ed","No item-specific permission located","","Locate original creator/license or replace with documented original content"
"public/assets/teams/oxingame/.logo_modified","artwork-other","0a23623c21471bf4ec47f2a377e13837867e6a9f97e9fbc7418d655e9fbf1807","No item-specific permission located","","Locate original creator/license or replace with documented original content"
"public/assets/teams/oxingame/.logo_stylized","artwork-other","28a26761102f1a122a9e24ff19a7eff5a980cecc900b4041db1f0eec3f90b3ed","No item-specific permission located","","Locate original creator/license or replace with documented original content"
"public/assets/teams/oxojy/logo.svg","logo","ca120818f9e67947b076bf8567201d5e6a716ce0a5f10f4a4557a13c3bb0b882","Fictionalized existing identities; original reference and creator rights unresolved","docs/audit-2026-09-12/logo-reference-audit.json","Locate original creator/license or replace with documented original content"
"public/assets/teams/oxuji/.logo_modified","artwork-other","0a23623c21471bf4ec47f2a377e13837867e6a9f97e9fbc7418d655e9fbf1807","No item-specific permission located","","Locate original creator/license or replace with documented original content"
"public/assets/teams/oxuji/.logo_stylized","artwork-other","28a26761102f1a122a9e24ff19a7eff5a980cecc900b4041db1f0eec3f90b3ed","No item-specific permission located","","Locate original creator/license or replace with documented original content"
"public/assets/teams/parivision/.logo_modified","artwork-other","0a23623c21471bf4ec47f2a377e13837867e6a9f97e9fbc7418d655e9fbf1807","No item-specific permission located","","Locate original creator/license or replace with documented original content"
"public/assets/teams/parivision/.logo_stylized","artwork-other","28a26761102f1a122a9e24ff19a7eff5a980cecc900b4041db1f0eec3f90b3ed","No item-specific permission located","","Locate original creator/license or replace with documented original content"
"public/assets/teams/passion_ua/.logo_modified","artwork-other","0a23623c21471bf4ec47f2a377e13837867e6a9f97e9fbc7418d655e9fbf1807","No item-specific permission located","","Locate original creator/license or replace with documented original content"
"public/assets/teams/passion_ua/.logo_stylized","artwork-other","28a26761102f1a122a9e24ff19a7eff5a980cecc900b4041db1f0eec3f90b3ed","No item-specific permission located","","Locate original creator/license or replace with documented original content"
"public/assets/teams/pazsyon_oa/logo.svg","logo","c4bf64518fcc0e584ca45a188286d6f9975846e61db048c1929c028d8ab561f9","Fictionalized existing identities; original reference and creator rights unresolved","docs/audit-2026-09-12/logo-reference-audit.json","Locate original creator/license or replace with documented original content"
"public/assets/teams/peekaboo/.logo_modified","artwork-other","0a23623c21471bf4ec47f2a377e13837867e6a9f97e9fbc7418d655e9fbf1807","No item-specific permission located","","Locate original creator/license or replace with documented original content"
"public/assets/teams/peekaboo/.logo_stylized","artwork-other","28a26761102f1a122a9e24ff19a7eff5a980cecc900b4041db1f0eec3f90b3ed","No item-specific permission located","","Locate original creator/license or replace with documented original content"
"public/assets/teams/perivesion/logo.redesign.svg","logo","003e695c2ad797ebda3e729efc3cf90cd33b7ca1b6e9276e7fa79977432d648e","Fictionalized existing identities; original reference and creator rights unresolved","docs/audit-2026-09-12/logo-reference-audit.json","Locate original creator/license or replace with documented original content"
"public/assets/teams/perivesion/logo.svg","logo","456d4740e29cdd57b916277f1b75c1d6f1ed2106dc28299552deafa9382c2121","Fictionalized existing identities; original reference and creator rights unresolved","docs/audit-2026-09-12/logo-reference-audit.json","Locate original creator/license or replace with documented original content"
"public/assets/teams/phanatic/logo.svg","logo","6eb0df27bac36acc56da454a8532c7818953d171b1958a205377489f719cad3c","Fictionalized existing identities; original reference and creator rights unresolved","docs/audit-2026-09-12/logo-reference-audit.json","Locate original creator/license or replace with documented original content"
"public/assets/teams/phantom/.logo_modified","artwork-other","0a23623c21471bf4ec47f2a377e13837867e6a9f97e9fbc7418d655e9fbf1807","No item-specific permission located","","Locate original creator/license or replace with documented original content"
"public/assets/teams/phantom/.logo_stylized","artwork-other","28a26761102f1a122a9e24ff19a7eff5a980cecc900b4041db1f0eec3f90b3ed","No item-specific permission located","","Locate original creator/license or replace with documented original content"
"public/assets/teams/phantom/logo.svg","logo","fdb97beb2334caf6132d9cea90e2dafa636367cf672e934576e550530e95081a","Fictionalized existing identities; original reference and creator rights unresolved","docs/audit-2026-09-12/logo-reference-audit.json","Locate original creator/license or replace with documented original content"
"public/assets/teams/phantum/logo.svg","logo","adc59bd54812095fab2381f1af925794231b86530892ed288ae04d76de2d2e16","Fictionalized existing identities; original reference and creator rights unresolved","docs/audit-2026-09-12/logo-reference-audit.json","Locate original creator/license or replace with documented original content"
"public/assets/teams/phaze/logo.svg","logo","b473bde062c29016b561704d3bc9741f953a023cedf17dd36b427d418e2f0a48","Fictionalized existing identities; original reference and creator rights unresolved","docs/audit-2026-09-12/logo-reference-audit.json","Locate original creator/license or replace with documented original content"
"public/assets/teams/pigeons/.logo_modified","artwork-other","0a23623c21471bf4ec47f2a377e13837867e6a9f97e9fbc7418d655e9fbf1807","No item-specific permission located","","Locate original creator/license or replace with documented original content"
"public/assets/teams/pigeons/.logo_stylized","artwork-other","28a26761102f1a122a9e24ff19a7eff5a980cecc900b4041db1f0eec3f90b3ed","No item-specific permission located","","Locate original creator/license or replace with documented original content"
"public/assets/teams/players/.logo_modified","portrait","0a23623c21471bf4ec47f2a377e13837867e6a9f97e9fbc7418d655e9fbf1807","Existing generated/edited artwork claims; original inputs, model terms and likeness review required","public/data/snapshot/sources.json","Locate original creator/license or replace with documented original content"
"public/assets/teams/players/.logo_stylized","portrait","28a26761102f1a122a9e24ff19a7eff5a980cecc900b4041db1f0eec3f90b3ed","Existing generated/edited artwork claims; original inputs, model terms and likeness review required","public/data/snapshot/sources.json","Locate original creator/license or replace with documented original content"
"public/assets/teams/players/logo.svg","portrait","542bddef710f1bb8780544a998f139b8f36ed5e8efd43dd4f53b292766e83af2","Existing generated/edited artwork claims; original inputs, model terms and likeness review required","public/data/snapshot/sources.json","Locate original creator/license or replace with documented original content"
"public/assets/teams/prestige/.logo_modified","artwork-other","0a23623c21471bf4ec47f2a377e13837867e6a9f97e9fbc7418d655e9fbf1807","No item-specific permission located","","Locate original creator/license or replace with documented original content"
"public/assets/teams/prestige/.logo_stylized","artwork-other","28a26761102f1a122a9e24ff19a7eff5a980cecc900b4041db1f0eec3f90b3ed","No item-specific permission located","","Locate original creator/license or replace with documented original content"
"public/assets/teams/prezdigeel/logo.svg","logo","d197a96b2c866fd47f8bee7188e9893d14d91c0d6c02110b407d8fbe8c8b0b67","Fictionalized existing identities; original reference and creator rights unresolved","docs/audit-2026-09-12/logo-reference-audit.json","Locate original creator/license or replace with documented original content"
"public/assets/teams/prime/.logo_modified","artwork-other","0a23623c21471bf4ec47f2a377e13837867e6a9f97e9fbc7418d655e9fbf1807","No item-specific permission located","","Locate original creator/license or replace with documented original content"
"public/assets/teams/prime/.logo_stylized","artwork-other","28a26761102f1a122a9e24ff19a7eff5a980cecc900b4041db1f0eec3f90b3ed","No item-specific permission located","","Locate original creator/license or replace with documented original content"
"public/assets/teams/prime/logo.svg","logo","4ccf4000ab8fdf63b0cf14f47d364743dfdaa43a2fe1268b3f033ab7bd98b72e","Fictionalized existing identities; original reference and creator rights unresolved","docs/audit-2026-09-12/logo-reference-audit.json","Locate original creator/license or replace with documented original content"
"public/assets/teams/prison_breakers/.logo_modified","artwork-other","0a23623c21471bf4ec47f2a377e13837867e6a9f97e9fbc7418d655e9fbf1807","No item-specific permission located","","Locate original creator/license or replace with documented original content"
"public/assets/teams/prison_breakers/.logo_stylized","artwork-other","28a26761102f1a122a9e24ff19a7eff5a980cecc900b4041db1f0eec3f90b3ed","No item-specific permission located","","Locate original creator/license or replace with documented original content"
"public/assets/teams/prison_breaxerx/logo.svg","logo","d32bdf766f2dd3137dcff68dcb39232e4a81a067f3160b630f3502b30cfce263","Fictionalized existing identities; original reference and creator rights unresolved","docs/audit-2026-09-12/logo-reference-audit.json","Locate original creator/license or replace with documented original content"
"public/assets/teams/procyon/.logo_modified","artwork-other","0a23623c21471bf4ec47f2a377e13837867e6a9f97e9fbc7418d655e9fbf1807","No item-specific permission located","","Locate original creator/license or replace with documented original content"
"public/assets/teams/procyon/.logo_stylized","artwork-other","28a26761102f1a122a9e24ff19a7eff5a980cecc900b4041db1f0eec3f90b3ed","No item-specific permission located","","Locate original creator/license or replace with documented original content"
"public/assets/teams/procyon/logo.svg","logo","31dfb12eef48259105d492aacdcc7f8fb1ada1969b978cb7727ddfbfd3bb1f6a","Fictionalized existing identities; original reference and creator rights unresolved","docs/audit-2026-09-12/logo-reference-audit.json","Locate original creator/license or replace with documented original content"
"public/assets/teams/qhikken_caup/logo.svg","logo","46eb4fd912ea6cd64d2788a4125fd449ddb10f12ceffe2e12b3ba72bb3fdc58e","Fictionalized existing identities; original reference and creator rights unresolved","docs/audit-2026-09-12/logo-reference-audit.json","Locate original creator/license or replace with documented original content"
"public/assets/teams/quazar/.logo_modified","artwork-other","0a23623c21471bf4ec47f2a377e13837867e6a9f97e9fbc7418d655e9fbf1807","No item-specific permission located","","Locate original creator/license or replace with documented original content"
"public/assets/teams/quazar/.logo_stylized","artwork-other","28a26761102f1a122a9e24ff19a7eff5a980cecc900b4041db1f0eec3f90b3ed","No item-specific permission located","","Locate original creator/license or replace with documented original content"
"public/assets/teams/qwentry/.logo_modified","artwork-other","0a23623c21471bf4ec47f2a377e13837867e6a9f97e9fbc7418d655e9fbf1807","No item-specific permission located","","Locate original creator/license or replace with documented original content"
"public/assets/teams/qwentry/.logo_stylized","artwork-other","28a26761102f1a122a9e24ff19a7eff5a980cecc900b4041db1f0eec3f90b3ed","No item-specific permission located","","Locate original creator/license or replace with documented original content"
"public/assets/teams/qwintry/logo.svg","logo","57eecc1c4db5fa6862c9c4ae38934948bf50907e37a0a5e168e8bbf051be719c","Fictionalized existing identities; original reference and creator rights unresolved","docs/audit-2026-09-12/logo-reference-audit.json","Locate original creator/license or replace with documented original content"
"public/assets/teams/raoxter/logo.svg","logo","82669dfc6cd49745cb77fb6f9617582b7e1d65d297683fe76c856b5669456fb4","Fictionalized existing identities; original reference and creator rights unresolved","docs/audit-2026-09-12/logo-reference-audit.json","Locate original creator/license or replace with documented original content"
"public/assets/teams/rare_element/logo.svg","logo","d6ee3f6faecc0a4d0c1846826a2417c8c21b5cee4b3a34e6e09bea460b4dde97","Fictionalized existing identities; original reference and creator rights unresolved","docs/audit-2026-09-12/logo-reference-audit.json","Locate original creator/license or replace with documented original content"
"public/assets/teams/rave/.logo_modified","artwork-other","0a23623c21471bf4ec47f2a377e13837867e6a9f97e9fbc7418d655e9fbf1807","No item-specific permission located","","Locate original creator/license or replace with documented original content"
"public/assets/teams/rave/.logo_stylized","artwork-other","28a26761102f1a122a9e24ff19a7eff5a980cecc900b4041db1f0eec3f90b3ed","No item-specific permission located","","Locate original creator/license or replace with documented original content"
"public/assets/teams/ravero/logo.svg","logo","4a9292497153f5b68c85dbd57c782623a704b1c71a2b2e216c4862980fb80811","Fictionalized existing identities; original reference and creator rights unresolved","docs/audit-2026-09-12/logo-reference-audit.json","Locate original creator/license or replace with documented original content"
"public/assets/teams/rebels/.logo_modified","artwork-other","0a23623c21471bf4ec47f2a377e13837867e6a9f97e9fbc7418d655e9fbf1807","No item-specific permission located","","Locate original creator/license or replace with documented original content"
"public/assets/teams/rebels/.logo_stylized","artwork-other","28a26761102f1a122a9e24ff19a7eff5a980cecc900b4041db1f0eec3f90b3ed","No item-specific permission located","","Locate original creator/license or replace with documented original content"
"public/assets/teams/rebels/logo.svg","logo","d561379b0f1a5af19fdd2dd27271b6790f4a5751db8e5551025170fd64126662","Fictionalized existing identities; original reference and creator rights unresolved","docs/audit-2026-09-12/logo-reference-audit.json","Locate original creator/license or replace with documented original content"
"public/assets/teams/red_wolves/logo.svg","logo","49490bafb6cb974951f96b8680be42eb76714f25e1f118a9bd14c30f82b8add2","Fictionalized existing identities; original reference and creator rights unresolved","docs/audit-2026-09-12/logo-reference-audit.json","Locate original creator/license or replace with documented original content"
"public/assets/teams/regain/.logo_modified","artwork-other","0a23623c21471bf4ec47f2a377e13837867e6a9f97e9fbc7418d655e9fbf1807","No item-specific permission located","","Locate original creator/license or replace with documented original content"
"public/assets/teams/regain/.logo_stylized","artwork-other","28a26761102f1a122a9e24ff19a7eff5a980cecc900b4041db1f0eec3f90b3ed","No item-specific permission located","","Locate original creator/license or replace with documented original content"
"public/assets/teams/reign_above/.logo_modified","artwork-other","0a23623c21471bf4ec47f2a377e13837867e6a9f97e9fbc7418d655e9fbf1807","No item-specific permission located","","Locate original creator/license or replace with documented original content"
"public/assets/teams/reign_above/.logo_stylized","artwork-other","28a26761102f1a122a9e24ff19a7eff5a980cecc900b4041db1f0eec3f90b3ed","No item-specific permission located","","Locate original creator/license or replace with documented original content"
"public/assets/teams/rethink/.logo_modified","artwork-other","0a23623c21471bf4ec47f2a377e13837867e6a9f97e9fbc7418d655e9fbf1807","No item-specific permission located","","Locate original creator/license or replace with documented original content"
"public/assets/teams/rethink/.logo_stylized","artwork-other","28a26761102f1a122a9e24ff19a7eff5a980cecc900b4041db1f0eec3f90b3ed","No item-specific permission located","","Locate original creator/license or replace with documented original content"
"public/assets/teams/rethync/logo.svg","logo","1b4fbb22b9587d1df34c7a862fbc0bc3da9e93499b7b6a839f2534634d96b19d","Fictionalized existing identities; original reference and creator rights unresolved","docs/audit-2026-09-12/logo-reference-audit.json","Locate original creator/license or replace with documented original content"
"public/assets/teams/rigaenro/logo.svg","logo","266480a32b8d590f76720a2eb509990f0ed76ed3ca8a508e3170daa65b540571","Fictionalized existing identities; original reference and creator rights unresolved","docs/audit-2026-09-12/logo-reference-audit.json","Locate original creator/license or replace with documented original content"
"public/assets/teams/riiknra_above/logo.svg","logo","d88dc64078b4c55409dda9024590b082b6342e23a6dcbc2d7b5d1c629320b0a9","Fictionalized existing identities; original reference and creator rights unresolved","docs/audit-2026-09-12/logo-reference-audit.json","Locate original creator/license or replace with documented original content"
"public/assets/teams/rooster/.logo_modified","artwork-other","0a23623c21471bf4ec47f2a377e13837867e6a9f97e9fbc7418d655e9fbf1807","No item-specific permission located","","Locate original creator/license or replace with documented original content"
"public/assets/teams/rooster/.logo_stylized","artwork-other","28a26761102f1a122a9e24ff19a7eff5a980cecc900b4041db1f0eec3f90b3ed","No item-specific permission located","","Locate original creator/license or replace with documented original content"
"public/assets/teams/ruby/.logo_modified","artwork-other","0a23623c21471bf4ec47f2a377e13837867e6a9f97e9fbc7418d655e9fbf1807","No item-specific permission located","","Locate original creator/license or replace with documented original content"
"public/assets/teams/ruby/.logo_stylized","artwork-other","28a26761102f1a122a9e24ff19a7eff5a980cecc900b4041db1f0eec3f90b3ed","No item-specific permission located","","Locate original creator/license or replace with documented original content"
"public/assets/teams/ruby/logo.svg","logo","c756abdd0c2dcb3fb78d90e25179337ca5425fb3a4d4fa1aaf0d66f5cfbda6eb","Fictionalized existing identities; original reference and creator rights unresolved","docs/audit-2026-09-12/logo-reference-audit.json","Locate original creator/license or replace with documented original content"
"public/assets/teams/rustec/.logo_modified","artwork-other","0a23623c21471bf4ec47f2a377e13837867e6a9f97e9fbc7418d655e9fbf1807","No item-specific permission located","","Locate original creator/license or replace with documented original content"
"public/assets/teams/rustec/.logo_stylized","artwork-other","28a26761102f1a122a9e24ff19a7eff5a980cecc900b4041db1f0eec3f90b3ed","No item-specific permission located","","Locate original creator/license or replace with documented original content"
"public/assets/teams/ryxtecrix/logo.svg","logo","f0aad50f37544d2e3f1b69ac2a2fac175e0e946ece9f6af47bd57c1363cadec7","Fictionalized existing identities; original reference and creator rights unresolved","docs/audit-2026-09-12/logo-reference-audit.json","Locate original creator/license or replace with documented original content"
"public/assets/teams/sakura/.logo_modified","artwork-other","0a23623c21471bf4ec47f2a377e13837867e6a9f97e9fbc7418d655e9fbf1807","No item-specific permission located","","Locate original creator/license or replace with documented original content"
"public/assets/teams/sakura/.logo_stylized","artwork-other","28a26761102f1a122a9e24ff19a7eff5a980cecc900b4041db1f0eec3f90b3ed","No item-specific permission located","","Locate original creator/license or replace with documented original content"
"public/assets/teams/sampervi/logo.svg","logo","44f7d60113f1f936304375e8bcc63cd9780e9c17aba7d074bcb81cdf94d81c74","Fictionalized existing identities; original reference and creator rights unresolved","docs/audit-2026-09-12/logo-reference-audit.json","Locate original creator/license or replace with documented original content"
"public/assets/teams/sangal/.logo_modified","artwork-other","0a23623c21471bf4ec47f2a377e13837867e6a9f97e9fbc7418d655e9fbf1807","No item-specific permission located","","Locate original creator/license or replace with documented original content"
"public/assets/teams/sangal/.logo_stylized","artwork-other","28a26761102f1a122a9e24ff19a7eff5a980cecc900b4041db1f0eec3f90b3ed","No item-specific permission located","","Locate original creator/license or replace with documented original content"
"public/assets/teams/sashi/.logo_modified","artwork-other","0a23623c21471bf4ec47f2a377e13837867e6a9f97e9fbc7418d655e9fbf1807","No item-specific permission located","","Locate original creator/license or replace with documented original content"
"public/assets/teams/sashi/.logo_stylized","artwork-other","28a26761102f1a122a9e24ff19a7eff5a980cecc900b4041db1f0eec3f90b3ed","No item-specific permission located","","Locate original creator/license or replace with documented original content"
"public/assets/teams/saw/.logo_modified","artwork-other","0a23623c21471bf4ec47f2a377e13837867e6a9f97e9fbc7418d655e9fbf1807","No item-specific permission located","","Locate original creator/license or replace with documented original content"
"public/assets/teams/saw/.logo_stylized","artwork-other","28a26761102f1a122a9e24ff19a7eff5a980cecc900b4041db1f0eec3f90b3ed","No item-specific permission located","","Locate original creator/license or replace with documented original content"
"public/assets/teams/scarx/.logo_modified","artwork-other","0a23623c21471bf4ec47f2a377e13837867e6a9f97e9fbc7418d655e9fbf1807","No item-specific permission located","","Locate original creator/license or replace with documented original content"
"public/assets/teams/scarx/.logo_stylized","artwork-other","28a26761102f1a122a9e24ff19a7eff5a980cecc900b4041db1f0eec3f90b3ed","No item-specific permission located","","Locate original creator/license or replace with documented original content"
"public/assets/teams/sd_invicta/.logo_modified","artwork-other","0a23623c21471bf4ec47f2a377e13837867e6a9f97e9fbc7418d655e9fbf1807","No item-specific permission located","","Locate original creator/license or replace with documented original content"
"public/assets/teams/sd_invicta/.logo_stylized","artwork-other","28a26761102f1a122a9e24ff19a7eff5a980cecc900b4041db1f0eec3f90b3ed","No item-specific permission located","","Locate original creator/license or replace with documented original content"
"public/assets/teams/sdeteal/logo.svg","logo","0b0595c7a1e1824e1e2bc2e5c590237a0cfd66edfb17f6224bd699e3a708e165","Fictionalized existing identities; original reference and creator rights unresolved","docs/audit-2026-09-12/logo-reference-audit.json","Locate original creator/license or replace with documented original content"
"public/assets/teams/semperfi/.logo_modified","artwork-other","0a23623c21471bf4ec47f2a377e13837867e6a9f97e9fbc7418d655e9fbf1807","No item-specific permission located","","Locate original creator/license or replace with documented original content"
"public/assets/teams/semperfi/.logo_stylized","artwork-other","28a26761102f1a122a9e24ff19a7eff5a980cecc900b4041db1f0eec3f90b3ed","No item-specific permission located","","Locate original creator/license or replace with documented original content"
"public/assets/teams/shindan/logo.svg","logo","20abb4a0cb018c564148d950ce2215f29a2f2745127bdb862f8aedd53cc49b1d","Fictionalized existing identities; original reference and creator rights unresolved","docs/audit-2026-09-12/logo-reference-audit.json","Locate original creator/license or replace with documented original content"
"public/assets/teams/shinden/.logo_modified","artwork-other","0a23623c21471bf4ec47f2a377e13837867e6a9f97e9fbc7418d655e9fbf1807","No item-specific permission located","","Locate original creator/license or replace with documented original content"
"public/assets/teams/shinden/.logo_stylized","artwork-other","28a26761102f1a122a9e24ff19a7eff5a980cecc900b4041db1f0eec3f90b3ed","No item-specific permission located","","Locate original creator/license or replace with documented original content"
"public/assets/teams/sidequest/.logo_modified","artwork-other","0a23623c21471bf4ec47f2a377e13837867e6a9f97e9fbc7418d655e9fbf1807","No item-specific permission located","","Locate original creator/license or replace with documented original content"
"public/assets/teams/sidequest/.logo_stylized","artwork-other","28a26761102f1a122a9e24ff19a7eff5a980cecc900b4041db1f0eec3f90b3ed","No item-specific permission located","","Locate original creator/license or replace with documented original content"
"public/assets/teams/sinners/.logo_modified","artwork-other","0a23623c21471bf4ec47f2a377e13837867e6a9f97e9fbc7418d655e9fbf1807","No item-specific permission located","","Locate original creator/license or replace with documented original content"
"public/assets/teams/sinners/.logo_stylized","artwork-other","28a26761102f1a122a9e24ff19a7eff5a980cecc900b4041db1f0eec3f90b3ed","No item-specific permission located","","Locate original creator/license or replace with documented original content"
"public/assets/teams/sinqu/.logo_modified","artwork-other","0a23623c21471bf4ec47f2a377e13837867e6a9f97e9fbc7418d655e9fbf1807","No item-specific permission located","","Locate original creator/license or replace with documented original content"
"public/assets/teams/sinqu/.logo_stylized","artwork-other","28a26761102f1a122a9e24ff19a7eff5a980cecc900b4041db1f0eec3f90b3ed","No item-specific permission located","","Locate original creator/license or replace with documented original content"
"public/assets/teams/skinrave/.logo_modified","artwork-other","0a23623c21471bf4ec47f2a377e13837867e6a9f97e9fbc7418d655e9fbf1807","No item-specific permission located","","Locate original creator/license or replace with documented original content"
"public/assets/teams/skinrave/.logo_stylized","artwork-other","28a26761102f1a122a9e24ff19a7eff5a980cecc900b4041db1f0eec3f90b3ed","No item-specific permission located","","Locate original creator/license or replace with documented original content"
"public/assets/teams/skynrava/logo.svg","logo","3096a8e2bdfa55764a13a5f708b01bcad272add4bc7ed6aad7c7cb19f4829f5d","Fictionalized existing identities; original reference and creator rights unresolved","docs/audit-2026-09-12/logo-reference-audit.json","Locate original creator/license or replace with documented original content"
"public/assets/teams/sow/logo.svg","logo","909508dd477182b5a313d45e6e667ae1e7b873c9e5af69297651a7e341a1ecac","Fictionalized existing identities; original reference and creator rights unresolved","docs/audit-2026-09-12/logo-reference-audit.json","Locate original creator/license or replace with documented original content"
"public/assets/teams/sparta/.logo_modified","artwork-other","0a23623c21471bf4ec47f2a377e13837867e6a9f97e9fbc7418d655e9fbf1807","No item-specific permission located","","Locate original creator/license or replace with documented original content"
"public/assets/teams/sparta/.logo_stylized","artwork-other","28a26761102f1a122a9e24ff19a7eff5a980cecc900b4041db1f0eec3f90b3ed","No item-specific permission located","","Locate original creator/license or replace with documented original content"
"public/assets/teams/spirytor_acodemy/logo.svg","logo","2b156d8cf60bfe0953408c71a99c95d3ee16e168bfd2ee4c979b9f951e193e45","Fictionalized existing identities; original reference and creator rights unresolved","docs/audit-2026-09-12/logo-reference-audit.json","Locate original creator/license or replace with documented original content"
"public/assets/teams/sporteyx/logo.svg","logo","5e847ff1751edc5f735a8b41112039e131feadb303c050c00b32c91a4d76dca5","Fictionalized existing identities; original reference and creator rights unresolved","docs/audit-2026-09-12/logo-reference-audit.json","Locate original creator/license or replace with documented original content"
"public/assets/teams/sportsbetexpert/.logo_modified","artwork-other","0a23623c21471bf4ec47f2a377e13837867e6a9f97e9fbc7418d655e9fbf1807","No item-specific permission located","","Locate original creator/license or replace with documented original content"
"public/assets/teams/sportsbetexpert/.logo_stylized","artwork-other","28a26761102f1a122a9e24ff19a7eff5a980cecc900b4041db1f0eec3f90b3ed","No item-specific permission located","","Locate original creator/license or replace with documented original content"
"public/assets/teams/state/.logo_modified","artwork-other","0a23623c21471bf4ec47f2a377e13837867e6a9f97e9fbc7418d655e9fbf1807","No item-specific permission located","","Locate original creator/license or replace with documented original content"
"public/assets/teams/state/.logo_stylized","artwork-other","28a26761102f1a122a9e24ff19a7eff5a980cecc900b4041db1f0eec3f90b3ed","No item-specific permission located","","Locate original creator/license or replace with documented original content"
"public/assets/teams/steel_helmet/.logo_modified","artwork-other","0a23623c21471bf4ec47f2a377e13837867e6a9f97e9fbc7418d655e9fbf1807","No item-specific permission located","","Locate original creator/license or replace with documented original content"
"public/assets/teams/steel_helmet/.logo_stylized","artwork-other","28a26761102f1a122a9e24ff19a7eff5a980cecc900b4041db1f0eec3f90b3ed","No item-specific permission located","","Locate original creator/license or replace with documented original content"
"public/assets/teams/sting/logo.svg","logo","40dd794ec3d5621c3afd29a24344a8b1b1e1f4e74fb9a52be7caade34a753570","Fictionalized existing identities; original reference and creator rights unresolved","docs/audit-2026-09-12/logo-reference-audit.json","Locate original creator/license or replace with documented original content"
"public/assets/teams/taroo/logo.svg","logo","009d73a94dadc6f99d75afbc89c9b84e00d1e9a82791ffe6999e0ddb0149d807","Fictionalized existing identities; original reference and creator rights unresolved","docs/audit-2026-09-12/logo-reference-audit.json","Locate original creator/license or replace with documented original content"
"public/assets/teams/tdk/.logo_modified","artwork-other","0a23623c21471bf4ec47f2a377e13837867e6a9f97e9fbc7418d655e9fbf1807","No item-specific permission located","","Locate original creator/license or replace with documented original content"
"public/assets/teams/tdk/.logo_stylized","artwork-other","28a26761102f1a122a9e24ff19a7eff5a980cecc900b4041db1f0eec3f90b3ed","No item-specific permission located","","Locate original creator/license or replace with documented original content"
"public/assets/teams/tha_honz/logo.svg","logo","446cbafed725c538222eff749f6d857e5192b04dc8c7ddbda11de129b5f97891","Fictionalized existing identities; original reference and creator rights unresolved","docs/audit-2026-09-12/logo-reference-audit.json","Locate original creator/license or replace with documented original content"
"public/assets/teams/the_huns/.logo_modified","artwork-other","0a23623c21471bf4ec47f2a377e13837867e6a9f97e9fbc7418d655e9fbf1807","No item-specific permission located","","Locate original creator/license or replace with documented original content"
"public/assets/teams/the_huns/.logo_stylized","artwork-other","28a26761102f1a122a9e24ff19a7eff5a980cecc900b4041db1f0eec3f90b3ed","No item-specific permission located","","Locate original creator/license or replace with documented original content"
"public/assets/teams/the_nomads/logo.svg","logo","a900345402d42c3305e5e548fba843aa9391e1746b80790cfd09d20da695208c","Fictionalized existing identities; original reference and creator rights unresolved","docs/audit-2026-09-12/logo-reference-audit.json","Locate original creator/license or replace with documented original content"
"public/assets/teams/thunder_downunder/.logo_modified","artwork-other","0a23623c21471bf4ec47f2a377e13837867e6a9f97e9fbc7418d655e9fbf1807","No item-specific permission located","","Locate original creator/license or replace with documented original content"
"public/assets/teams/thunder_downunder/.logo_stylized","artwork-other","28a26761102f1a122a9e24ff19a7eff5a980cecc900b4041db1f0eec3f90b3ed","No item-specific permission located","","Locate original creator/license or replace with documented original content"
"public/assets/teams/thunderel_dawnynder/logo.svg","logo","020f743c64326a46fa52028240e85329da108f007b7ddbd463014853a49dabfc","Fictionalized existing identities; original reference and creator rights unresolved","docs/audit-2026-09-12/logo-reference-audit.json","Locate original creator/license or replace with documented original content"
"public/assets/teams/tide/logo.svg","logo","4e3a4a45c36e27392fdea03c55f6a7bfb316bbcedf575ddaea5d63be13a92109","Fictionalized existing identities; original reference and creator rights unresolved","docs/audit-2026-09-12/logo-reference-audit.json","Locate original creator/license or replace with documented original content"
"public/assets/teams/timewaves/.logo_modified","artwork-other","0a23623c21471bf4ec47f2a377e13837867e6a9f97e9fbc7418d655e9fbf1807","No item-specific permission located","","Locate original creator/license or replace with documented original content"
"public/assets/teams/timewaves/.logo_stylized","artwork-other","28a26761102f1a122a9e24ff19a7eff5a980cecc900b4041db1f0eec3f90b3ed","No item-specific permission located","","Locate original creator/license or replace with documented original content"
"public/assets/teams/tnc/.logo_modified","artwork-other","0a23623c21471bf4ec47f2a377e13837867e6a9f97e9fbc7418d655e9fbf1807","No item-specific permission located","","Locate original creator/license or replace with documented original content"
"public/assets/teams/tnc/.logo_stylized","artwork-other","28a26761102f1a122a9e24ff19a7eff5a980cecc900b4041db1f0eec3f90b3ed","No item-specific permission located","","Locate original creator/license or replace with documented original content"
"public/assets/teams/tricked/.logo_modified","artwork-other","0a23623c21471bf4ec47f2a377e13837867e6a9f97e9fbc7418d655e9fbf1807","No item-specific permission located","","Locate original creator/license or replace with documented original content"
"public/assets/teams/tricked/.logo_stylized","artwork-other","28a26761102f1a122a9e24ff19a7eff5a980cecc900b4041db1f0eec3f90b3ed","No item-specific permission located","","Locate original creator/license or replace with documented original content"
"public/assets/teams/truck_drivers/.logo_modified","artwork-other","0a23623c21471bf4ec47f2a377e13837867e6a9f97e9fbc7418d655e9fbf1807","No item-specific permission located","","Locate original creator/license or replace with documented original content"
"public/assets/teams/truck_drivers/.logo_stylized","artwork-other","28a26761102f1a122a9e24ff19a7eff5a980cecc900b4041db1f0eec3f90b3ed","No item-specific permission located","","Locate original creator/license or replace with documented original content"
"public/assets/teams/tryck_drivirx/logo.svg","logo","4dc9e827403ab8c2beda83c2763089b7f49c16c4c26eb4bd7f22ce8c71a0510e","Fictionalized existing identities; original reference and creator rights unresolved","docs/audit-2026-09-12/logo-reference-audit.json","Locate original creator/license or replace with documented original content"
"public/assets/teams/trycked/logo.svg","logo","1fd708d98dff73497080015d1064a758924784cc2afe9c09870c8f31a57edae4","Fictionalized existing identities; original reference and creator rights unresolved","docs/audit-2026-09-12/logo-reference-audit.json","Locate original creator/license or replace with documented original content"
"public/assets/teams/undergroond/logo.svg","logo","8b2ee8faedf939801a782fab1c84434747156cd80d79ec14559d09a69c024ef7","Fictionalized existing identities; original reference and creator rights unresolved","docs/audit-2026-09-12/logo-reference-audit.json","Locate original creator/license or replace with documented original content"
"public/assets/teams/underground/.logo_modified","artwork-other","0a23623c21471bf4ec47f2a377e13837867e6a9f97e9fbc7418d655e9fbf1807","No item-specific permission located","","Locate original creator/license or replace with documented original content"
"public/assets/teams/underground/.logo_stylized","artwork-other","28a26761102f1a122a9e24ff19a7eff5a980cecc900b4041db1f0eec3f90b3ed","No item-specific permission located","","Locate original creator/license or replace with documented original content"
"public/assets/teams/unidyor/logo.svg","logo","311057e909af1099d93c10e6d98d11a786ebca15edb386ae0b2c81bc369d32ac","Fictionalized existing identities; original reference and creator rights unresolved","docs/audit-2026-09-12/logo-reference-audit.json","Locate original creator/license or replace with documented original content"
"public/assets/teams/unity/.logo_modified","artwork-other","0a23623c21471bf4ec47f2a377e13837867e6a9f97e9fbc7418d655e9fbf1807","No item-specific permission located","","Locate original creator/license or replace with documented original content"
"public/assets/teams/unity/.logo_stylized","artwork-other","28a26761102f1a122a9e24ff19a7eff5a980cecc900b4041db1f0eec3f90b3ed","No item-specific permission located","","Locate original creator/license or replace with documented original content"
"public/assets/teams/ur/.logo_modified","artwork-other","0a23623c21471bf4ec47f2a377e13837867e6a9f97e9fbc7418d655e9fbf1807","No item-specific permission located","","Locate original creator/license or replace with documented original content"
"public/assets/teams/ur/.logo_stylized","artwork-other","28a26761102f1a122a9e24ff19a7eff5a980cecc900b4041db1f0eec3f90b3ed","No item-specific permission located","","Locate original creator/license or replace with documented original content"
"public/assets/teams/ursa/.logo_modified","artwork-other","0a23623c21471bf4ec47f2a377e13837867e6a9f97e9fbc7418d655e9fbf1807","No item-specific permission located","","Locate original creator/license or replace with documented original content"
"public/assets/teams/ursa/.logo_stylized","artwork-other","28a26761102f1a122a9e24ff19a7eff5a980cecc900b4041db1f0eec3f90b3ed","No item-specific permission located","","Locate original creator/license or replace with documented original content"
"public/assets/teams/urso/logo.svg","logo","5609db83262f0016282df2956cf4c39eb822b5883e35739534228d4ff6830549","Fictionalized existing identities; original reference and creator rights unresolved","docs/audit-2026-09-12/logo-reference-audit.json","Locate original creator/license or replace with documented original content"
"public/assets/teams/valiant/logo.svg","logo","79cd2e338dcafbbdf6dc896b6385871d1350b50ce5076a6a71724ac5711c6593","Fictionalized existing identities; original reference and creator rights unresolved","docs/audit-2026-09-12/logo-reference-audit.json","Locate original creator/license or replace with documented original content"
"public/assets/teams/vanamor/logo.svg","logo","023aca657e8a71e5c3a326a2e93e038e1748e3fcc68768e761f0efcd6fd90951","Fictionalized existing identities; original reference and creator rights unresolved","docs/audit-2026-09-12/logo-reference-audit.json","Locate original creator/license or replace with documented original content"
"public/assets/teams/vantage/.logo_modified","artwork-other","0a23623c21471bf4ec47f2a377e13837867e6a9f97e9fbc7418d655e9fbf1807","No item-specific permission located","","Locate original creator/license or replace with documented original content"
"public/assets/teams/vantage/.logo_stylized","artwork-other","28a26761102f1a122a9e24ff19a7eff5a980cecc900b4041db1f0eec3f90b3ed","No item-specific permission located","","Locate original creator/license or replace with documented original content"
"public/assets/teams/vasco/.logo_modified","artwork-other","0a23623c21471bf4ec47f2a377e13837867e6a9f97e9fbc7418d655e9fbf1807","No item-specific permission located","","Locate original creator/license or replace with documented original content"
"public/assets/teams/vasco/.logo_stylized","artwork-other","28a26761102f1a122a9e24ff19a7eff5a980cecc900b4041db1f0eec3f90b3ed","No item-specific permission located","","Locate original creator/license or replace with documented original content"
"public/assets/teams/vavbator/logo.svg","logo","8a391f544e2e24c5dea268270696c3b305c978c1a171aac98071caadb526f107","Fictionalized existing identities; original reference and creator rights unresolved","docs/audit-2026-09-12/logo-reference-audit.json","Locate original creator/license or replace with documented original content"
"public/assets/teams/veke_do_beru/logo.svg","logo","a6c3b9a763dc826f35d10db189dfda605431fb9cf9c9aaee13efdd1e245658a1","Fictionalized existing identities; original reference and creator rights unresolved","docs/audit-2026-09-12/logo-reference-audit.json","Locate original creator/license or replace with documented original content"
"public/assets/teams/venom/.logo_modified","artwork-other","0a23623c21471bf4ec47f2a377e13837867e6a9f97e9fbc7418d655e9fbf1807","No item-specific permission located","","Locate original creator/license or replace with documented original content"
"public/assets/teams/venom/.logo_stylized","artwork-other","28a26761102f1a122a9e24ff19a7eff5a980cecc900b4041db1f0eec3f90b3ed","No item-specific permission located","","Locate original creator/license or replace with documented original content"
"public/assets/teams/vesqo/logo.svg","logo","bdf0d138239377bd9978a559a9c556612fd94bcbc7716daccfeb091713668683","Fictionalized existing identities; original reference and creator rights unresolved","docs/audit-2026-09-12/logo-reference-audit.json","Locate original creator/license or replace with documented original content"
"public/assets/teams/virtus_nova/logo.svg","logo","f7f12dd16943740de8d5cf229433451ecec6b68e31d691ae802d02a75324bc5b","Fictionalized existing identities; original reference and creator rights unresolved","docs/audit-2026-09-12/logo-reference-audit.json","Locate original creator/license or replace with documented original content"
"public/assets/teams/visher_callege/logo.svg","logo","413b3e86fec97f64bc0825c398641377725c9fc9fd4f73178b423865437d45a5","Fictionalized existing identities; original reference and creator rights unresolved","docs/audit-2026-09-12/logo-reference-audit.json","Locate original creator/license or replace with documented original content"
"public/assets/teams/vitalis/logo.svg","logo","c5d73935a6ce83389c1e559345f56cbe9fda5b2960852d0ca79cde6c202b2aa1","Fictionalized existing identities; original reference and creator rights unresolved","docs/audit-2026-09-12/logo-reference-audit.json","Locate original creator/license or replace with documented original content"
"public/assets/teams/voca/.logo_modified","artwork-other","0a23623c21471bf4ec47f2a377e13837867e6a9f97e9fbc7418d655e9fbf1807","No item-specific permission located","","Locate original creator/license or replace with documented original content"
"public/assets/teams/voca/.logo_stylized","artwork-other","28a26761102f1a122a9e24ff19a7eff5a980cecc900b4041db1f0eec3f90b3ed","No item-specific permission located","","Locate original creator/license or replace with documented original content"
"public/assets/teams/vp_pradygy/logo.svg","logo","a3dfb4ce62975fb67b7b639fb512aa30c8739e252e730ada7f2cadd0b375b715","Fictionalized existing identities; original reference and creator rights unresolved","docs/audit-2026-09-12/logo-reference-audit.json","Locate original creator/license or replace with documented original content"
"public/assets/teams/vpprodigy/.logo_modified","artwork-other","0a23623c21471bf4ec47f2a377e13837867e6a9f97e9fbc7418d655e9fbf1807","No item-specific permission located","","Locate original creator/license or replace with documented original content"
"public/assets/teams/vpprodigy/.logo_stylized","artwork-other","28a26761102f1a122a9e24ff19a7eff5a980cecc900b4041db1f0eec3f90b3ed","No item-specific permission located","","Locate original creator/license or replace with documented original content"
"public/assets/teams/vriendly_campirs/logo.svg","logo","c347cc089cb18358c3e412ea503d99e67f98b212c9541fccda97f936004c23e8","Fictionalized existing identities; original reference and creator rights unresolved","docs/audit-2026-09-12/logo-reference-audit.json","Locate original creator/license or replace with documented original content"
"public/assets/teams/vuejo/logo.svg","logo","4b97ba89285415f02277fff3e7ba627654c6637d5add46c8e100f0761a13bffc","Fictionalized existing identities; original reference and creator rights unresolved","docs/audit-2026-09-12/logo-reference-audit.json","Locate original creator/license or replace with documented original content"
"public/assets/teams/vuqa/logo.svg","logo","963b5aa83008ba7681b188cd5334eca7fb8120913f02d69eccc0286097205d61","Fictionalized existing identities; original reference and creator rights unresolved","docs/audit-2026-09-12/logo-reference-audit.json","Locate original creator/license or replace with documented original content"
"public/assets/teams/wahwah/.logo_modified","artwork-other","0a23623c21471bf4ec47f2a377e13837867e6a9f97e9fbc7418d655e9fbf1807","No item-specific permission located","","Locate original creator/license or replace with documented original content"
"public/assets/teams/wahwah/.logo_stylized","artwork-other","28a26761102f1a122a9e24ff19a7eff5a980cecc900b4041db1f0eec3f90b3ed","No item-specific permission located","","Locate original creator/license or replace with documented original content"
"public/assets/teams/wanted_goons/.logo_modified","artwork-other","0a23623c21471bf4ec47f2a377e13837867e6a9f97e9fbc7418d655e9fbf1807","No item-specific permission located","","Locate original creator/license or replace with documented original content"
"public/assets/teams/wanted_goons/.logo_stylized","artwork-other","28a26761102f1a122a9e24ff19a7eff5a980cecc900b4041db1f0eec3f90b3ed","No item-specific permission located","","Locate original creator/license or replace with documented original content"
"public/assets/teams/washington/.logo_modified","artwork-other","0a23623c21471bf4ec47f2a377e13837867e6a9f97e9fbc7418d655e9fbf1807","No item-specific permission located","","Locate original creator/license or replace with documented original content"
"public/assets/teams/washington/.logo_stylized","artwork-other","28a26761102f1a122a9e24ff19a7eff5a980cecc900b4041db1f0eec3f90b3ed","No item-specific permission located","","Locate original creator/license or replace with documented original content"
"public/assets/teams/watermelon/.logo_modified","artwork-other","0a23623c21471bf4ec47f2a377e13837867e6a9f97e9fbc7418d655e9fbf1807","No item-specific permission located","","Locate original creator/license or replace with documented original content"
"public/assets/teams/watermelon/.logo_stylized","artwork-other","28a26761102f1a122a9e24ff19a7eff5a980cecc900b4041db1f0eec3f90b3ed","No item-specific permission located","","Locate original creator/license or replace with documented original content"
"public/assets/teams/weshengton/logo.svg","logo","91769e2b7ffd6d4b9afc1cd17d86760507bba382ba36e79cf10e66b1902b6199","Fictionalized existing identities; original reference and creator rights unresolved","docs/audit-2026-09-12/logo-reference-audit.json","Locate original creator/license or replace with documented original content"
"public/assets/teams/wetermelon/logo.svg","logo","a645e087bfa0b4337fdfc7fd266019895f65b72d2b191d8d7f0a6eb31b1f7c26","Fictionalized existing identities; original reference and creator rights unresolved","docs/audit-2026-09-12/logo-reference-audit.json","Locate original creator/license or replace with documented original content"
"public/assets/teams/wewillwen/logo.svg","logo","1c4a91b084de21db6f3fe3b1f3c8f41ab814bc643dbe95bf50b44979e407227b","Fictionalized existing identities; original reference and creator rights unresolved","docs/audit-2026-09-12/logo-reference-audit.json","Locate original creator/license or replace with documented original content"
"public/assets/teams/wewillwin/.logo_modified","artwork-other","0a23623c21471bf4ec47f2a377e13837867e6a9f97e9fbc7418d655e9fbf1807","No item-specific permission located","","Locate original creator/license or replace with documented original content"
"public/assets/teams/wewillwin/.logo_stylized","artwork-other","28a26761102f1a122a9e24ff19a7eff5a980cecc900b4041db1f0eec3f90b3ed","No item-specific permission located","","Locate original creator/license or replace with documented original content"
"public/assets/teams/whitebird/.logo_modified","artwork-other","0a23623c21471bf4ec47f2a377e13837867e6a9f97e9fbc7418d655e9fbf1807","No item-specific permission located","","Locate original creator/license or replace with documented original content"
"public/assets/teams/whitebird/.logo_stylized","artwork-other","28a26761102f1a122a9e24ff19a7eff5a980cecc900b4041db1f0eec3f90b3ed","No item-specific permission located","","Locate original creator/license or replace with documented original content"
"public/assets/teams/whitebird/logo.svg","logo","b938da2dc148af93cfc0c1a9b8caf020942cc0ba27115288a202c2b530632fab","Fictionalized existing identities; original reference and creator rights unresolved","docs/audit-2026-09-12/logo-reference-audit.json","Locate original creator/license or replace with documented original content"
"public/assets/teams/wild/.logo_modified","artwork-other","0a23623c21471bf4ec47f2a377e13837867e6a9f97e9fbc7418d655e9fbf1807","No item-specific permission located","","Locate original creator/license or replace with documented original content"
"public/assets/teams/wild/.logo_stylized","artwork-other","28a26761102f1a122a9e24ff19a7eff5a980cecc900b4041db1f0eec3f90b3ed","No item-specific permission located","","Locate original creator/license or replace with documented original content"
"public/assets/teams/wild_ace/logo.svg","logo","d20b94076199ea305ea53b20614c21663194eef74cde61cdd55e6e5ff1840446","Fictionalized existing identities; original reference and creator rights unresolved","docs/audit-2026-09-12/logo-reference-audit.json","Locate original creator/license or replace with documented original content"
"public/assets/teams/wildqard_ecodemy/logo.svg","logo","73225335950909b4c6990ad6fd665f0a6e02e7c5315cd39f5b21af7980afe76f","Fictionalized existing identities; original reference and creator rights unresolved","docs/audit-2026-09-12/logo-reference-audit.json","Locate original creator/license or replace with documented original content"
"public/assets/teams/wildrix/logo.svg","logo","78f25c9d6ad2357bd3ddd2e624b5d05b8c7f6f71d82d6efe53f8e80426d49036","Fictionalized existing identities; original reference and creator rights unresolved","docs/audit-2026-09-12/logo-reference-audit.json","Locate original creator/license or replace with documented original content"
"public/assets/teams/winners/.logo_modified","artwork-other","0a23623c21471bf4ec47f2a377e13837867e6a9f97e9fbc7418d655e9fbf1807","No item-specific permission located","","Locate original creator/license or replace with documented original content"
"public/assets/teams/winners/.logo_stylized","artwork-other","28a26761102f1a122a9e24ff19a7eff5a980cecc900b4041db1f0eec3f90b3ed","No item-specific permission located","","Locate original creator/license or replace with documented original content"
"public/assets/teams/wopa/.logo_modified","artwork-other","0a23623c21471bf4ec47f2a377e13837867e6a9f97e9fbc7418d655e9fbf1807","No item-specific permission located","","Locate original creator/license or replace with documented original content"
"public/assets/teams/wopa/.logo_stylized","artwork-other","28a26761102f1a122a9e24ff19a7eff5a980cecc900b4041db1f0eec3f90b3ed","No item-specific permission located","","Locate original creator/license or replace with documented original content"
"public/assets/teams/wopa/logo.svg","logo","8aca4c8e9f4f2558400c70ca873450b3baf44050d9e026a68b8981adf7dc0bbe","Fictionalized existing identities; original reference and creator rights unresolved","docs/audit-2026-09-12/logo-reference-audit.json","Locate original creator/license or replace with documented original content"
"public/assets/teams/ww/.logo_modified","artwork-other","0a23623c21471bf4ec47f2a377e13837867e6a9f97e9fbc7418d655e9fbf1807","No item-specific permission located","","Locate original creator/license or replace with documented original content"
"public/assets/teams/ww/.logo_stylized","artwork-other","28a26761102f1a122a9e24ff19a7eff5a980cecc900b4041db1f0eec3f90b3ed","No item-specific permission located","","Locate original creator/license or replace with documented original content"
"public/assets/teams/ww/logo.svg","logo","a17123c3add7e96194b7fbeb754d7656f1f8a7e4c46ccfc93065f2a38a0c351c","Fictionalized existing identities; original reference and creator rights unresolved","docs/audit-2026-09-12/logo-reference-audit.json","Locate original creator/license or replace with documented original content"
"public/assets/teams/x27/logo.svg","logo","009cada84cdcaf133c599cea7ffe91b5c6d3404e07bde0fed19e52e4a6e99e9c","Fictionalized existing identities; original reference and creator rights unresolved","docs/audit-2026-09-12/logo-reference-audit.json","Locate original creator/license or replace with documented original content"
"public/assets/teams/xalesieium/logo.svg","logo","132c115f24569335647d031ca743fedd0290cf04a46d25fed22529a3fabe3f4b","Fictionalized existing identities; original reference and creator rights unresolved","docs/audit-2026-09-12/logo-reference-audit.json","Locate original creator/license or replace with documented original content"
"public/assets/teams/xashy/logo.svg","logo","e33add09c0d6e9c82ae92db207bb1db2193605304c50bdc315ba250243587eb7","Fictionalized existing identities; original reference and creator rights unresolved","docs/audit-2026-09-12/logo-reference-audit.json","Locate original creator/license or replace with documented original content"
"public/assets/teams/xdm/.logo_modified","artwork-other","0a23623c21471bf4ec47f2a377e13837867e6a9f97e9fbc7418d655e9fbf1807","No item-specific permission located","","Locate original creator/license or replace with documented original content"
"public/assets/teams/xdm/.logo_stylized","artwork-other","28a26761102f1a122a9e24ff19a7eff5a980cecc900b4041db1f0eec3f90b3ed","No item-specific permission located","","Locate original creator/license or replace with documented original content"
"public/assets/teams/xengal/logo.svg","logo","2be8399edf4c6271143f9f74e8c4321ac0969c59cd41ffbe1f52eaddf2477729","Fictionalized existing identities; original reference and creator rights unresolved","docs/audit-2026-09-12/logo-reference-audit.json","Locate original creator/license or replace with documented original content"
"public/assets/teams/xennersia/logo.svg","logo","012c67ffce0b448fd848b453fee625b3ee69b5fbdd6f60fb2f75f4318fb923c9","Fictionalized existing identities; original reference and creator rights unresolved","docs/audit-2026-09-12/logo-reference-audit.json","Locate original creator/license or replace with documented original content"
"public/assets/teams/xenquro/logo.svg","logo","28fd3345551d75aebd8b4d0bf9cf33ea70e2dc703161588f505993fd8d7454cc","Fictionalized existing identities; original reference and creator rights unresolved","docs/audit-2026-09-12/logo-reference-audit.json","Locate original creator/license or replace with documented original content"
"public/assets/teams/xeyd_stars/logo.svg","logo","532ec126ae034c063dc1991c23dd890252d6a2d610f10176e856fca1deb146bc","Fictionalized existing identities; original reference and creator rights unresolved","docs/audit-2026-09-12/logo-reference-audit.json","Locate original creator/license or replace with documented original content"
"public/assets/teams/xi/.logo_modified","artwork-other","0a23623c21471bf4ec47f2a377e13837867e6a9f97e9fbc7418d655e9fbf1807","No item-specific permission located","","Locate original creator/license or replace with documented original content"
"public/assets/teams/xi/.logo_stylized","artwork-other","28a26761102f1a122a9e24ff19a7eff5a980cecc900b4041db1f0eec3f90b3ed","No item-specific permission located","","Locate original creator/license or replace with documented original content"
"public/assets/teams/xpurtsbetexpert/logo.svg","logo","14d46ec878168ace5d4dd0b04839e672798dc654ae0b9c19501413bc224222a4","Fictionalized existing identities; original reference and creator rights unresolved","docs/audit-2026-09-12/logo-reference-audit.json","Locate original creator/license or replace with documented original content"
"public/assets/teams/yawara/.logo_modified","artwork-other","0a23623c21471bf4ec47f2a377e13837867e6a9f97e9fbc7418d655e9fbf1807","No item-specific permission located","","Locate original creator/license or replace with documented original content"
"public/assets/teams/yawara/.logo_stylized","artwork-other","28a26761102f1a122a9e24ff19a7eff5a980cecc900b4041db1f0eec3f90b3ed","No item-specific permission located","","Locate original creator/license or replace with documented original content"
"public/assets/teams/yoong_nynjos/logo.svg","logo","e4a9b8ad981bd31fff82f5645bcbbbc9f4bef5495f43a63e16e5e3ebff3ccc86","Fictionalized existing identities; original reference and creator rights unresolved","docs/audit-2026-09-12/logo-reference-audit.json","Locate original creator/license or replace with documented original content"
"public/assets/teams/young_ninjas/.logo_modified","artwork-other","0a23623c21471bf4ec47f2a377e13837867e6a9f97e9fbc7418d655e9fbf1807","No item-specific permission located","","Locate original creator/license or replace with documented original content"
"public/assets/teams/young_ninjas/.logo_stylized","artwork-other","28a26761102f1a122a9e24ff19a7eff5a980cecc900b4041db1f0eec3f90b3ed","No item-specific permission located","","Locate original creator/license or replace with documented original content"
"public/assets/teams/yowera/logo.svg","logo","88e094b67b7ca0eeaaf585b91cc0ea835a1514a49b1fe407f1b1739f804ffb94","Fictionalized existing identities; original reference and creator rights unresolved","docs/audit-2026-09-12/logo-reference-audit.json","Locate original creator/license or replace with documented original content"
"public/assets/teams/zomblers/.logo_modified","artwork-other","0a23623c21471bf4ec47f2a377e13837867e6a9f97e9fbc7418d655e9fbf1807","No item-specific permission located","","Locate original creator/license or replace with documented original content"
"public/assets/teams/zomblers/.logo_stylized","artwork-other","28a26761102f1a122a9e24ff19a7eff5a980cecc900b4041db1f0eec3f90b3ed","No item-specific permission located","","Locate original creator/license or replace with documented original content"
"public/assets/teams/zomblirs/logo.svg","logo","c182a001a0526db78433e19c057655a25ac69a1a47f1a0810c638306d495ca73","Fictionalized existing identities; original reference and creator rights unresolved","docs/audit-2026-09-12/logo-reference-audit.json","Locate original creator/license or replace with documented original content"
"public/assets/tournaments/a_tier_trophy.png","logo","a0e5c49c5e3fdcbc7c42d8a06e241a94892b6a38e36b596623049073c3d1d363","Fictionalized existing identities; original reference and creator rights unresolved","docs/audit-2026-09-12/logo-reference-audit.json","Locate original creator/license or replace with documented original content"
"public/assets/tournaments/a_tier_trophy.webp","logo","5706434bb105a850589adf84f97335057e817c61c2b764af8e5ef6e9b6a3561c","Fictionalized existing identities; original reference and creator rights unresolved","docs/audit-2026-09-12/logo-reference-audit.json","Locate original creator/license or replace with documented original content"
"public/assets/tournaments/a_tier_trophy_1.png","logo","98f4c62badbfebbecbc874b5062a2872f0b7bf9fb181a0ebca11cf7bdfb490ee","Fictionalized existing identities; original reference and creator rights unresolved","docs/audit-2026-09-12/logo-reference-audit.json","Locate original creator/license or replace with documented original content"
"public/assets/tournaments/a_tier_trophy_1.webp","logo","eb13453b2261dbe63c005d6d16cc1b4e4593e82844930c9984d26a3d101e0150","Fictionalized existing identities; original reference and creator rights unresolved","docs/audit-2026-09-12/logo-reference-audit.json","Locate original creator/license or replace with documented original content"
"public/assets/tournaments/b_tier_trophy.png","logo","6297fe4a9ae8397f75bfe05ff91b088951c55ad8dcb6ac28bdd4400c18603cda","Fictionalized existing identities; original reference and creator rights unresolved","docs/audit-2026-09-12/logo-reference-audit.json","Locate original creator/license or replace with documented original content"
"public/assets/tournaments/b_tier_trophy.webp","logo","01a523b32543b2d0b80ddd3ea7a6f8391ccc7883befd4397f8c73ebd7fb88ad9","Fictionalized existing identities; original reference and creator rights unresolved","docs/audit-2026-09-12/logo-reference-audit.json","Locate original creator/license or replace with documented original content"
"public/assets/tournaments/b_tier_trophy_1.png","logo","e9af400995fb95a39e9ded5bde29f1e6b20eb8b2830151c781855f86485e3884","Fictionalized existing identities; original reference and creator rights unresolved","docs/audit-2026-09-12/logo-reference-audit.json","Locate original creator/license or replace with documented original content"
"public/assets/tournaments/b_tier_trophy_1.webp","logo","ca21573606431fcae87a114205a69cd77f8d37ff06dcb3855e72b2cc38402578","Fictionalized existing identities; original reference and creator rights unresolved","docs/audit-2026-09-12/logo-reference-audit.json","Locate original creator/license or replace with documented original content"
"public/assets/tournaments/logo_boombyte_lineage_belgrade.svg","logo","ee15fb85aa3ae2794e628eaf9bc55a61ead197b73be5ce65f6f6a570d62143a0","Fictionalized existing identities; original reference and creator rights unresolved","docs/audit-2026-09-12/logo-reference-audit.json","Locate original creator/license or replace with documented original content"
"public/assets/tournaments/logo_boombyte_lineage_belgrade.webp","logo","f6d238674bde9d1c736882e00613c4592e1ccc6766f3c7eb49013b4cac6365d5","Fictionalized existing identities; original reference and creator rights unresolved","docs/audit-2026-09-12/logo-reference-audit.json","Locate original creator/license or replace with documented original content"
"public/assets/tournaments/logo_cct.webp","logo","b7c6df495dd14039f3e63f5511b226f62ff571cd5116d92275f0d17d2047c348","Fictionalized existing identities; original reference and creator rights unresolved","docs/audit-2026-09-12/logo-reference-audit.json","Locate original creator/license or replace with documented original content"
"public/assets/tournaments/logo_ccx_online_finals_2025.svg","logo","c79c1d95ba23dd030f895fbbe3068c303e4f26622e3c1dc94595fcf9ac246402","Fictionalized existing identities; original reference and creator rights unresolved","docs/audit-2026-09-12/logo-reference-audit.json","Locate original creator/license or replace with documented original content"
"public/assets/tournaments/logo_chengdu_masters_2025.svg","logo","e85ba93c11a956a3972fd5d1f4041e34bb87baa2ed7277a155f55881d8d630ce","Fictionalized existing identities; original reference and creator rights unresolved","docs/audit-2026-09-12/logo-reference-audit.json","Locate original creator/license or replace with documented original content"
"public/assets/tournaments/logo_chengdu_masters_2025.webp","logo","5d0317558a839f3243dc85a4e8cee3251c67f750bec1ce76340a277f19df55f7","Fictionalized existing identities; original reference and creator rights unresolved","docs/audit-2026-09-12/logo-reference-audit.json","Locate original creator/license or replace with documented original content"
"public/assets/tournaments/logo_compass_cup_2025.svg","logo","1d140ae3b9d4ec8156bef5547f4af58b1d382fa33ae4ba2f3efbe6254bf5e1d5","Fictionalized existing identities; original reference and creator rights unresolved","docs/audit-2026-09-12/logo-reference-audit.json","Locate original creator/license or replace with documented original content"
"public/assets/tournaments/logo_compass_cup_2025.webp","logo","83ab0f404ba40e537e10710509819d9846f2e75f33aca2e632ece0895959e2ea","Fictionalized existing identities; original reference and creator rights unresolved","docs/audit-2026-09-12/logo-reference-audit.json","Locate original creator/license or replace with documented original content"
"public/assets/tournaments/logo_copenhagen_major.webp","logo","a797935ccf27ce9d0f9459d66fd2f4b136bcd9af63e1329e70162ed63821647a","Fictionalized existing identities; original reference and creator rights unresolved","docs/audit-2026-09-12/logo-reference-audit.json","Locate original creator/license or replace with documented original content"
"public/assets/tournaments/logo_dallas_masters_2025.svg","logo","0f7d4d4b4988202cc499e96c9c35befabcad49794e953d8769eab3105ba99710","Fictionalized existing identities; original reference and creator rights unresolved","docs/audit-2026-09-12/logo-reference-audit.json","Locate original creator/license or replace with documented original content"
"public/assets/tournaments/logo_dallas_masters_2025.webp","logo","b93b75d1a6cdb18ae33a1d6645ed76fea3a6068ceca9f2d8ee3f474f50da11e2","Fictionalized existing identities; original reference and creator rights unresolved","docs/audit-2026-09-12/logo-reference-audit.json","Locate original creator/license or replace with documented original content"
"public/assets/tournaments/logo_dream_circuit_open_summer.svg","logo","3cdd0af7ec02ccbe75a88281114a206a46fd4de34b5f4e4555fc1c66045fa46e","Fictionalized existing identities; original reference and creator rights unresolved","docs/audit-2026-09-12/logo-reference-audit.json","Locate original creator/license or replace with documented original content"
"public/assets/tournaments/logo_dream_circuit_open_summer.webp","logo","74b5f5ad3c07fb33434cc7cfcf93c5eed978f2ff4ed0130bc54fd5dbdacd019f","Fictionalized existing identities; original reference and creator rights unresolved","docs/audit-2026-09-12/logo-reference-audit.json","Locate original creator/license or replace with documented original content"
"public/assets/tournaments/logo_eastern_major_2025.png","logo","295e3d840040ab326cf68f0f4fc6d283dae8d8d7980373d21c7706096dee5dc9","Fictionalized existing identities; original reference and creator rights unresolved","docs/audit-2026-09-12/logo-reference-audit.json","Locate original creator/license or replace with documented original content"
"public/assets/tournaments/logo_eastern_major_2025.svg","logo","6bb0527f23579956107cdf725acac5be5627115b7838b9bafc96914bc2f494d1","Fictionalized existing identities; original reference and creator rights unresolved","docs/audit-2026-09-12/logo-reference-audit.json","Locate original creator/license or replace with documented original content"
"public/assets/tournaments/logo_eastern_major_americas_rmr.svg","logo","8a2569881d3981b61aa5eb169d586230a79827a37ae35ada134f88d1d9ad4179","Fictionalized existing identities; original reference and creator rights unresolved","docs/audit-2026-09-12/logo-reference-audit.json","Locate original creator/license or replace with documented original content"
"public/assets/tournaments/logo_eastern_major_americas_rmr.webp","logo","ad6f9c56872bd25aa0d042e57f0b3035a9fc22beaec8cf5311174bc275681f66","Fictionalized existing identities; original reference and creator rights unresolved","docs/audit-2026-09-12/logo-reference-audit.json","Locate original creator/license or replace with documented original content"
"public/assets/tournaments/logo_eastern_major_asia_rmr.svg","logo","2991f85f3b8e0a4939e03efe4e1a3f5f79df6d250651b2f54f0277be03c8e780","Fictionalized existing identities; original reference and creator rights unresolved","docs/audit-2026-09-12/logo-reference-audit.json","Locate original creator/license or replace with documented original content"
"public/assets/tournaments/logo_eastern_major_asia_rmr.webp","logo","a070fb2081ff6e594a07ac8cfadfebfd6331df3b47d9cb6432666a170a220bb5","Fictionalized existing identities; original reference and creator rights unresolved","docs/audit-2026-09-12/logo-reference-audit.json","Locate original creator/license or replace with documented original content"
"public/assets/tournaments/logo_eastern_major_eu_rmr.svg","logo","0d2df5c803bfc4fd60f267c6ece18fa31f8dbb2c1eb8235cd5bf12f2cc1a6239","Fictionalized existing identities; original reference and creator rights unresolved","docs/audit-2026-09-12/logo-reference-audit.json","Locate original creator/license or replace with documented original content"
"public/assets/tournaments/logo_eastern_major_eu_rmr.webp","logo","71ebf85280a030c99c1ac06133f53817d408f19e5ff8a90f0d85e4607a5a929e","Fictionalized existing identities; original reference and creator rights unresolved","docs/audit-2026-09-12/logo-reference-audit.json","Locate original creator/license or replace with documented original content"
"public/assets/tournaments/logo_electra_masters_espoo_2025.svg","logo","8d4e19bad3e746a6634acdeb4d0a3204b11349a101f9f10af0c277e26475d606","Fictionalized existing identities; original reference and creator rights unresolved","docs/audit-2026-09-12/logo-reference-audit.json","Locate original creator/license or replace with documented original content"
"public/assets/tournaments/logo_electra_masters_espoo_2025.webp","logo","6ebb8146a5a35eec91f8795f7981b7dc1f00da724606a2c7ea840582d6cb92af","Fictionalized existing identities; original reference and creator rights unresolved","docs/audit-2026-09-12/logo-reference-audit.json","Locate original creator/license or replace with documented original content"
"public/assets/tournaments/logo_elite_circuit_fall_finals.svg","logo","cb26de81d999e671132eb64d0079c39b02b2f35c6d2e05e8d697993a193f2d2c","Fictionalized existing identities; original reference and creator rights unresolved","docs/audit-2026-09-12/logo-reference-audit.json","Locate original creator/license or replace with documented original content"
"public/assets/tournaments/logo_elite_circuit_fall_finals.webp","logo","31c7f0d47ae5560119a0b07f3b0163169d8a57dd4f34d0d95ab2bbfa3f554a22","Fictionalized existing identities; original reference and creator rights unresolved","docs/audit-2026-09-12/logo-reference-audit.json","Locate original creator/license or replace with documented original content"
"public/assets/tournaments/logo_elite_circuit_fall_showdown.svg","logo","718ba803855d69e66a7f7cd3ac453a8df5bd487b3fba039da8f5eb18cc708098","Fictionalized existing identities; original reference and creator rights unresolved","docs/audit-2026-09-12/logo-reference-audit.json","Locate original creator/license or replace with documented original content"
"public/assets/tournaments/logo_elite_circuit_fall_showdown.webp","logo","31c7f0d47ae5560119a0b07f3b0163169d8a57dd4f34d0d95ab2bbfa3f554a22","Fictionalized existing identities; original reference and creator rights unresolved","docs/audit-2026-09-12/logo-reference-audit.json","Locate original creator/license or replace with documented original content"
"public/assets/tournaments/logo_elite_circuit_spring_finals.svg","logo","c2504d1b13a56bf8066a687ebf9908c9c13c214eb6c50fffd4dfad72e2276431","Fictionalized existing identities; original reference and creator rights unresolved","docs/audit-2026-09-12/logo-reference-audit.json","Locate original creator/license or replace with documented original content"
"public/assets/tournaments/logo_elite_circuit_spring_finals.webp","logo","31c7f0d47ae5560119a0b07f3b0163169d8a57dd4f34d0d95ab2bbfa3f554a22","Fictionalized existing identities; original reference and creator rights unresolved","docs/audit-2026-09-12/logo-reference-audit.json","Locate original creator/license or replace with documented original content"
"public/assets/tournaments/logo_elite_circuit_spring_showdown.svg","logo","4e3d449b5ccc7eb09f7582a252c457958954f359a5ce829731360221df70bb9e","Fictionalized existing identities; original reference and creator rights unresolved","docs/audit-2026-09-12/logo-reference-audit.json","Locate original creator/license or replace with documented original content"
"public/assets/tournaments/logo_elite_circuit_spring_showdown.webp","logo","31c7f0d47ae5560119a0b07f3b0163169d8a57dd4f34d0d95ab2bbfa3f554a22","Fictionalized existing identities; original reference and creator rights unresolved","docs/audit-2026-09-12/logo-reference-audit.json","Locate original creator/license or replace with documented original content"
"public/assets/tournaments/logo_elite_world_final_2025.svg","logo","6dbb1ec701e790ab11efcf9f64f59dd4d16b96410338141b8ca64f47d55e0ffe","Fictionalized existing identities; original reference and creator rights unresolved","docs/audit-2026-09-12/logo-reference-audit.json","Locate original creator/license or replace with documented original content"
"public/assets/tournaments/logo_elite_world_final_2025.webp","logo","acf86a16ba4caac71a016a928d3d3cbe1cc7edef89f488dff37b0db4de8487be","Fictionalized existing identities; original reference and creator rights unresolved","docs/audit-2026-09-12/logo-reference-audit.json","Locate original creator/license or replace with documented original content"
"public/assets/tournaments/logo_epic_arena_premier_season_48.svg","logo","309d3da89dc9a145c5e84fa74f34191e95a3ca7da162fcdd63e08fe073e7ae1c","Fictionalized existing identities; original reference and creator rights unresolved","docs/audit-2026-09-12/logo-reference-audit.json","Locate original creator/license or replace with documented original content"
"public/assets/tournaments/logo_epic_arena_premier_season_48.webp","logo","9c8a3a4618fa93830841914e3c4ca4c1d187f5da86f07be48d16cf1ed3f5e539","Fictionalized existing identities; original reference and creator rights unresolved","docs/audit-2026-09-12/logo-reference-audit.json","Locate original creator/license or replace with documented original content"
"public/assets/tournaments/logo_gamers_infinity_riyadh_2025.svg","logo","5de134e5d79b8df9cf71c102f79c9a4dec62c58c6aa8b2392a7aea2489cda8bc","Fictionalized existing identities; original reference and creator rights unresolved","docs/audit-2026-09-12/logo-reference-audit.json","Locate original creator/license or replace with documented original content"
"public/assets/tournaments/logo_gamers_infinity_riyadh_2025.webp","logo","bb57a56e1076945068fa423e9089076f8849a494d7911dd8a94bb1c0d87837e8","Fictionalized existing identities; original reference and creator rights unresolved","docs/audit-2026-09-12/logo-reference-audit.json","Locate original creator/license or replace with documented original content"
"public/assets/tournaments/logo_global_challenger_league_season_48.svg","logo","b4b7ba67c4ae4da40afb6b6b41912ae1099503bdd613c6d96631dae70c93646e","Fictionalized existing identities; original reference and creator rights unresolved","docs/audit-2026-09-12/logo-reference-audit.json","Locate original creator/license or replace with documented original content"
"public/assets/tournaments/logo_global_challenger_league_season_48.webp","logo","d88febb394e206911c37e40620457b5f0dce9c4605431f684e18e62171c56ca7","Fictionalized existing identities; original reference and creator rights unresolved","docs/audit-2026-09-12/logo-reference-audit.json","Locate original creator/license or replace with documented original content"
"public/assets/tournaments/logo_global_pro_league_conferance.svg","logo","44842e0e0c2247c9f4c58c37d3afeaec369c960cce292c0c24d05a4b7dd0eac8","Fictionalized existing identities; original reference and creator rights unresolved","docs/audit-2026-09-12/logo-reference-audit.json","Locate original creator/license or replace with documented original content"
"public/assets/tournaments/logo_global_pro_league_conferance.webp","logo","c0e851396eb93988b45f963e735daff1c8e457983c586b946223c1abf6e66026","Fictionalized existing identities; original reference and creator rights unresolved","docs/audit-2026-09-12/logo-reference-audit.json","Locate original creator/license or replace with documented original content"
"public/assets/tournaments/logo_global_pro_league_season_21_finals.svg","logo","3561beea14ad6b93d6cf7bb0e8f44f7edf68736510fbf0e44114a2e01a3a4b92","Fictionalized existing identities; original reference and creator rights unresolved","docs/audit-2026-09-12/logo-reference-audit.json","Locate original creator/license or replace with documented original content"
"public/assets/tournaments/logo_global_pro_league_season_21_finals.webp","logo","390902c5cbc4f644e29ac98ec9f00fc58f525074ce18abd37966eeed8531b73c","Fictionalized existing identities; original reference and creator rights unresolved","docs/audit-2026-09-12/logo-reference-audit.json","Locate original creator/license or replace with documented original content"
"public/assets/tournaments/logo_northern_major_2025.svg","logo","9b8a5c2d6df703ad6689477657d4d182a94d745be81e42add9f1e8e02c93e324","Fictionalized existing identities; original reference and creator rights unresolved","docs/audit-2026-09-12/logo-reference-audit.json","Locate original creator/license or replace with documented original content"
"public/assets/tournaments/logo_northern_major_2025.webp","logo","08fc328d54c854a4d61a9d5a41b69d0cfe9bac15cc7c81455bd1f504afd910f1","Fictionalized existing identities; original reference and creator rights unresolved","docs/audit-2026-09-12/logo-reference-audit.json","Locate original creator/license or replace with documented original content"
"public/assets/tournaments/logo_northern_major_americas_rmr.svg","logo","413d2447f091bdb12dc6c021c4d4501d4cb02c420b8a17574613e5fda34efee4","Fictionalized existing identities; original reference and creator rights unresolved","docs/audit-2026-09-12/logo-reference-audit.json","Locate original creator/license or replace with documented original content"
"public/assets/tournaments/logo_northern_major_americas_rmr.webp","logo","fe37dc4e313819cbaea803ea91799d8eb97eb435714c5f2963001057915ae389","Fictionalized existing identities; original reference and creator rights unresolved","docs/audit-2026-09-12/logo-reference-audit.json","Locate original creator/license or replace with documented original content"
"public/assets/tournaments/logo_northern_major_asia_rmr.svg","logo","b29a93b5e45167f8e12520726808675932b376df5286256d9f0551b8adb4f183","Fictionalized existing identities; original reference and creator rights unresolved","docs/audit-2026-09-12/logo-reference-audit.json","Locate original creator/license or replace with documented original content"
"public/assets/tournaments/logo_northern_major_asia_rmr.webp","logo","cfbe636b0137cba192f4f751713790e51fccdcec4e33e483b22dbd0cf67ceb23","Fictionalized existing identities; original reference and creator rights unresolved","docs/audit-2026-09-12/logo-reference-audit.json","Locate original creator/license or replace with documented original content"
"public/assets/tournaments/logo_northern_major_eu_rmr.svg","logo","91d2aed3ce1f1e0a0c1d067ce928b6116ae5478ac972e6c886186e88b4e51dc1","Fictionalized existing identities; original reference and creator rights unresolved","docs/audit-2026-09-12/logo-reference-audit.json","Locate original creator/license or replace with documented original content"
"public/assets/tournaments/logo_northern_major_eu_rmr.webp","logo","96c87f989599afa532b514e86676831c4771edf54bd35f45f26d74214fce2267","Fictionalized existing identities; original reference and creator rights unresolved","docs/audit-2026-09-12/logo-reference-audit.json","Locate original creator/license or replace with documented original content"
"public/assets/tournaments/logo_perfect_realm_arena_premier_league.svg","logo","d1bea958808cf032436d7d601585d9eb34fd0bf0a08d099a67e9b54422a2c97c","Fictionalized existing identities; original reference and creator rights unresolved","docs/audit-2026-09-12/logo-reference-audit.json","Locate original creator/license or replace with documented original content"
"public/assets/tournaments/logo_perfect_realm_arena_premier_league.webp","logo","90f985234dc662934900fc854e2e8ebf57359f4d34697ef007b0d992ec4af37a","Fictionalized existing identities; original reference and creator rights unresolved","docs/audit-2026-09-12/logo-reference-audit.json","Locate original creator/license or replace with documented original content"
"public/assets/tournaments/logo_perfect_world.webp","logo","ec7ed9dbea3de2d42e5f3f7385b14474bdecd43257bb6fc4a5c07fc9650e5dac","Fictionalized existing identities; original reference and creator rights unresolved","docs/audit-2026-09-12/logo-reference-audit.json","Locate original creator/license or replace with documented original content"
"public/assets/tournaments/logo_playon_academy_league.svg","logo","b2426dcde2a742dd22e1c6442d0e568123929a4a59f70792cf3df80e2320c810","Fictionalized existing identities; original reference and creator rights unresolved","docs/audit-2026-09-12/logo-reference-audit.json","Locate original creator/license or replace with documented original content"
"public/assets/tournaments/logo_playon_academy_league.webp","logo","8354c5315158165010efe5099a4cbdc37ecd346aadf39752fd350db29ac3f7a4","Fictionalized existing identities; original reference and creator rights unresolved","docs/audit-2026-09-12/logo-reference-audit.json","Locate original creator/license or replace with documented original content"
"public/assets/tournaments/logo_playon_academy_league_season_5.svg","logo","7ec0dba62d4107be17d7c413c9189fa089c750204fad8713e40d5ffc44fdac72","Fictionalized existing identities; original reference and creator rights unresolved","docs/audit-2026-09-12/logo-reference-audit.json","Locate original creator/license or replace with documented original content"
"public/assets/tournaments/logo_rio_masters_2025.svg","logo","9e948a8b9a0a79f22d720e60ff5d898ea5acfa18496aac97091b4c615527c8b1","Fictionalized existing identities; original reference and creator rights unresolved","docs/audit-2026-09-12/logo-reference-audit.json","Locate original creator/license or replace with documented original content"
"public/assets/tournaments/logo_rio_masters_2025.webp","logo","3db6cf3a8afd0a8d821721a177749d64669698ac1c957d1762aa5bd06327bcc6","Fictionalized existing identities; original reference and creator rights unresolved","docs/audit-2026-09-12/logo-reference-audit.json","Locate original creator/license or replace with documented original content"
"public/assets/tournaments/logo_rookbet_cup_2025.svg","logo","66b8132812b894ca06c047e027a682b4799e87b2c508dc328583d94f39387576","Fictionalized existing identities; original reference and creator rights unresolved","docs/audit-2026-09-12/logo-reference-audit.json","Locate original creator/license or replace with documented original content"
"public/assets/tournaments/logo_rookbet_cup_2025.webp","logo","990ee4d013a88620fbc5d5f950d57649d2d0ec36db13da3b4adaca4bdafda75d","Fictionalized existing identities; original reference and creator rights unresolved","docs/audit-2026-09-12/logo-reference-audit.json","Locate original creator/license or replace with documented original content"
"public/assets/tournaments/logo_shanghai_major.webp","logo","7770d88fba6705f5b320f6e64941bb38acff583e824561e952e26552f39d2147","Fictionalized existing identities; original reference and creator rights unresolved","docs/audit-2026-09-12/logo-reference-audit.json","Locate original creator/license or replace with documented original content"
"public/assets/tournaments/logo_skyevents_championship_2025.svg","logo","cb2d0f3a41582652f9ccfd39a2ed2332dada67f4c9bb7156d7c3905d51c21b10","Fictionalized existing identities; original reference and creator rights unresolved","docs/audit-2026-09-12/logo-reference-audit.json","Locate original creator/license or replace with documented original content"
"public/assets/tournaments/logo_skyevents_championship_2025.webp","logo","398da347f83483bf8ed945e4dcb38c531fc389e8d48a8dd05ddac7a238762180","Fictionalized existing identities; original reference and creator rights unresolved","docs/audit-2026-09-12/logo-reference-audit.json","Locate original creator/license or replace with documented original content"
"public/assets/tournaments/logo_summer_open_colone_2025.svg","logo","c8378b35b9cf72c659f25e097fb3eba66df2a872116351e7a0327869f480a30f","Fictionalized existing identities; original reference and creator rights unresolved","docs/audit-2026-09-12/logo-reference-audit.json","Locate original creator/license or replace with documented original content"
"public/assets/tournaments/logo_summer_open_colone_2025.webp","logo","262c1681f136d92d8ec81cdcb8c7da3029a07006a8b1bafb7996f486d938f23f","Fictionalized existing identities; original reference and creator rights unresolved","docs/audit-2026-09-12/logo-reference-audit.json","Locate original creator/license or replace with documented original content"
"public/assets/tournaments/logo_summer_open_colone_closed_qualifier.svg","logo","4e7a2154c76e1af21d397839ab3c093338dc745f1a3a4ddd50e8220349962ba6","Fictionalized existing identities; original reference and creator rights unresolved","docs/audit-2026-09-12/logo-reference-audit.json","Locate original creator/license or replace with documented original content"
"public/assets/tournaments/logo_summer_open_colone_closed_qualifier.webp","logo","00e8ccf4d673f6eb47b9a3488c3bfedf717583dbae595d67b5fce21e6024f90d","Fictionalized existing identities; original reference and creator rights unresolved","docs/audit-2026-09-12/logo-reference-audit.json","Locate original creator/license or replace with documented original content"
"public/assets/tournaments/logo_summer_open_colone_open_qualifier.svg","logo","b309db56d71d65795e86712ff6e86992b93c1df1c86c0804f3f624a63014e5ee","Fictionalized existing identities; original reference and creator rights unresolved","docs/audit-2026-09-12/logo-reference-audit.json","Locate original creator/license or replace with documented original content"
"public/assets/tournaments/logo_summer_open_colone_open_qualifier.webp","logo","51564bf78f515ae9cf3e9dc2d65bfd9d0fed6cf89435cff4eb2779e1bc2eba45","Fictionalized existing identities; original reference and creator rights unresolved","docs/audit-2026-09-12/logo-reference-audit.json","Locate original creator/license or replace with documented original content"
"public/assets/tournaments/logo_thunder_cup_closed_qualifier.svg","logo","8580b8a1b28f4b0cd3d1217205fab8028b53efcd6cadd9a77abaa5604ddba1fe","Fictionalized existing identities; original reference and creator rights unresolved","docs/audit-2026-09-12/logo-reference-audit.json","Locate original creator/license or replace with documented original content"
"public/assets/tournaments/logo_thunder_cup_closed_qualifier.webp","logo","0dd5452302af7a752d96c179291adab23479ca409812d71dc44d02c9f4a3bc03","Fictionalized existing identities; original reference and creator rights unresolved","docs/audit-2026-09-12/logo-reference-audit.json","Locate original creator/license or replace with documented original content"
"public/assets/tournaments/logo_thunder_cup_open_qualifier.svg","logo","c2b93b9ed87294054ff08ed0f76df8efe61b49f371b9f8b344425783edc7f654","Fictionalized existing identities; original reference and creator rights unresolved","docs/audit-2026-09-12/logo-reference-audit.json","Locate original creator/license or replace with documented original content"
"public/assets/tournaments/logo_thunder_cup_open_qualifier.webp","logo","f995a46f25c558c93e42a262de0d13308757ff29eeefade78743eac11d818f98","Fictionalized existing identities; original reference and creator rights unresolved","docs/audit-2026-09-12/logo-reference-audit.json","Locate original creator/license or replace with documented original content"
"public/assets/tournaments/logo_thunder_cup_world_championship.png","logo","8a20f7e1a248838becd20e49b7ccad9fd241b2606414920c0a25fd2b879b6f25","Fictionalized existing identities; original reference and creator rights unresolved","docs/audit-2026-09-12/logo-reference-audit.json","Locate original creator/license or replace with documented original content"
"public/assets/tournaments/logo_thunder_cup_world_championship.svg","logo","80908085bda016ccb8619f1ff0e570c66ab6c1b478b87b1d9104abbe3c1756df","Fictionalized existing identities; original reference and creator rights unresolved","docs/audit-2026-09-12/logo-reference-audit.json","Locate original creator/license or replace with documented original content"
"public/assets/tournaments/logo_wagerway_masters_2025.svg","logo","d64e26e697b8de90d63c6a8142d2927567bba0058ea50123e4e7533d617217dc","Fictionalized existing identities; original reference and creator rights unresolved","docs/audit-2026-09-12/logo-reference-audit.json","Locate original creator/license or replace with documented original content"
"public/assets/tournaments/logo_wagerway_masters_2025.webp","logo","54636852e2736b000105bfb4eb8281b48b7644d89690c76cad33c6e55a8019fe","Fictionalized existing identities; original reference and creator rights unresolved","docs/audit-2026-09-12/logo-reference-audit.json","Locate original creator/license or replace with documented original content"
"public/assets/tournaments/logo_winter_open_katova_2025.svg","logo","6e47e3be8723e0940cb5499532eff70167f69c5c2aaf289693c3d528465a49fe","Fictionalized existing identities; original reference and creator rights unresolved","docs/audit-2026-09-12/logo-reference-audit.json","Locate original creator/license or replace with documented original content"
"public/assets/tournaments/logo_winter_open_katova_2025.webp","logo","6d569050b89c0573759d85b5f1fb20715bbf900ca2febb374db4a8990246293a","Fictionalized existing identities; original reference and creator rights unresolved","docs/audit-2026-09-12/logo-reference-audit.json","Locate original creator/license or replace with documented original content"
"public/assets/tournaments/logo_winter_open_katova_eu_closed_qualifier.svg","logo","9afb73f3d4b704f4e0aac55e9f14c9e9f3bc8d8fdfef298a9b58e54b1716b3d6","Fictionalized existing identities; original reference and creator rights unresolved","docs/audit-2026-09-12/logo-reference-audit.json","Locate original creator/license or replace with documented original content"
"public/assets/tournaments/logo_winter_open_katova_eu_closed_qualifier.webp","logo","e90b8c7d0a2f52678ce88d4b853a28b01b956119ca9182c82c7f8d81d285e7ba","Fictionalized existing identities; original reference and creator rights unresolved","docs/audit-2026-09-12/logo-reference-audit.json","Locate original creator/license or replace with documented original content"
"public/assets/tournaments/logo_winter_open_katova_open_qualifier.svg","logo","1d53966d229f9b247d596424476d31e07e19a8ac0fa90621674505d24c0edcf8","Fictionalized existing identities; original reference and creator rights unresolved","docs/audit-2026-09-12/logo-reference-audit.json","Locate original creator/license or replace with documented original content"
"public/assets/tournaments/logo_winter_open_katova_open_qualifier.webp","logo","09c36d6b345a28c23704948ad19353db5e888b11069b0e721b40253bcd21e9bd","Fictionalized existing identities; original reference and creator rights unresolved","docs/audit-2026-09-12/logo-reference-audit.json","Locate original creator/license or replace with documented original content"
"public/assets/tournaments/s_tier_trophy.png","logo","999c5a148c0de1be2648bed3996d39006b74145a3a9d2624be1cd0f32d4efb44","Fictionalized existing identities; original reference and creator rights unresolved","docs/audit-2026-09-12/logo-reference-audit.json","Locate original creator/license or replace with documented original content"
"public/assets/tournaments/s_tier_trophy.webp","logo","2a69c8a22bb8cec893015ab8f61193a45d918f7a80d70081a7989db174e3e207","Fictionalized existing identities; original reference and creator rights unresolved","docs/audit-2026-09-12/logo-reference-audit.json","Locate original creator/license or replace with documented original content"
"public/assets/tournaments/s_tier_trophy_1.png","logo","36cfe15ca90668aa2fef55078ec5330dfe3693a029c60265d532a1483088c13c","Fictionalized existing identities; original reference and creator rights unresolved","docs/audit-2026-09-12/logo-reference-audit.json","Locate original creator/license or replace with documented original content"
"public/assets/tournaments/s_tier_trophy_1.webp","logo","4ae57ee44185d99bb951806e778b17b480d812a6bed44c3c4b269e6736bba97f","Fictionalized existing identities; original reference and creator rights unresolved","docs/audit-2026-09-12/logo-reference-audit.json","Locate original creator/license or replace with documented original content"
"public/assets/tournaments/tournament_logo_challenger.png","logo","1f3045f4b0050a74c95e2e8447d40a1f68f50cf6662a313a4b2b83f991d99176","Fictionalized existing identities; original reference and creator rights unresolved","docs/audit-2026-09-12/logo-reference-audit.json","Locate original creator/license or replace with documented original content"
"public/assets/tournaments/tournament_logo_challenger.webp","logo","957a94c1ca86040c7de687e19009cffb8bc8c71373dde9b0b3ec475f4b947767","Fictionalized existing identities; original reference and creator rights unresolved","docs/audit-2026-09-12/logo-reference-audit.json","Locate original creator/license or replace with documented original content"
"public/assets/tournaments/tournament_logo_major.png","logo","01b6564978b590763c629d608bd367bf9b37e033aeff41f091f5daf068a29c68","Fictionalized existing identities; original reference and creator rights unresolved","docs/audit-2026-09-12/logo-reference-audit.json","Locate original creator/license or replace with documented original content"
"public/assets/tournaments/tournament_logo_major.webp","logo","487ad5eaefdd76b1757caae19823a64d9b860b36bc235fcb4f08a6c709a9c8e5","Fictionalized existing identities; original reference and creator rights unresolved","docs/audit-2026-09-12/logo-reference-audit.json","Locate original creator/license or replace with documented original content"
"public/assets/tournaments/tournament_logo_master.png","logo","9b5cae94e61e0141296e20c594465bad60263fcb3b2d5ac768b928d56d298e20","Fictionalized existing identities; original reference and creator rights unresolved","docs/audit-2026-09-12/logo-reference-audit.json","Locate original creator/license or replace with documented original content"
"public/assets/tournaments/tournament_logo_master.webp","logo","b71972d1b044ab53737936bcce2b33d7bd480526a016c12c8b48519f2fc77a23","Fictionalized existing identities; original reference and creator rights unresolved","docs/audit-2026-09-12/logo-reference-audit.json","Locate original creator/license or replace with documented original content"
"public/assets/tournaments/tournament_logo_open.png","logo","a4f851692d17c6c6cba63242a19291798cc24611372ea41e5f45b912bcc0b6c1","Fictionalized existing identities; original reference and creator rights unresolved","docs/audit-2026-09-12/logo-reference-audit.json","Locate original creator/license or replace with documented original content"
"public/assets/tournaments/tournament_logo_open.webp","logo","3dba06e77e77b95cdd039457358d8dfd8377bf2308b83ad92fd2d17ed52b74e6","Fictionalized existing identities; original reference and creator rights unresolved","docs/audit-2026-09-12/logo-reference-audit.json","Locate original creator/license or replace with documented original content"
"public/assets/tournaments/trophy_gold_new.png","logo","36cfe15ca90668aa2fef55078ec5330dfe3693a029c60265d532a1483088c13c","Fictionalized existing identities; original reference and creator rights unresolved","docs/audit-2026-09-12/logo-reference-audit.json","Locate original creator/license or replace with documented original content"
"public/assets/tournaments/trophy_gold_new.webp","logo","4ae57ee44185d99bb951806e778b17b480d812a6bed44c3c4b269e6736bba97f","Fictionalized existing identities; original reference and creator rights unresolved","docs/audit-2026-09-12/logo-reference-audit.json","Locate original creator/license or replace with documented original content"
"public/assets/tournaments/trophy_silver_new.png","logo","46073329dea5e30c5502fa111390bb001b7f9b3c9c38e11d8948169f1dd8189b","Fictionalized existing identities; original reference and creator rights unresolved","docs/audit-2026-09-12/logo-reference-audit.json","Locate original creator/license or replace with documented original content"
"public/assets/tournaments/trophy_silver_new.webp","logo","7b636297bf9ef11818152a3b72ba795196086278b0ce9614c95d2270e4090b26","Fictionalized existing identities; original reference and creator rights unresolved","docs/audit-2026-09-12/logo-reference-audit.json","Locate original creator/license or replace with documented original content"
"public/assets/trophies/medal_bronze.png","artwork-other","24aef3c0603eba87530d2d064c3be6b03969a787be729df051a300a8e1d4ca1e","No item-specific permission located","","Locate original creator/license or replace with documented original content"
"public/assets/trophies/medal_bronze.webp","artwork-other","efd3223477abb2e6f169c80f601b446406f3948489c99210ff565de0882c8629","No item-specific permission located","","Locate original creator/license or replace with documented original content"
"public/assets/trophies/medal_gold.png","artwork-other","6173d3b27bc3c2e901d0f63205704504be5c2201fa4853d1b852fd8060b51ad8","No item-specific permission located","","Locate original creator/license or replace with documented original content"
"public/assets/trophies/medal_gold.webp","artwork-other","1286c30ab8989914fb15d996a205fe0691b721b075df1efd94b352c9d65fcda8","No item-specific permission located","","Locate original creator/license or replace with documented original content"
"public/assets/trophies/medal_silver.png","artwork-other","9cf8e75c3a15506e638093682822aa1650e563cbe0165e9ef41b67b5f1c54c1f","No item-specific permission located","","Locate original creator/license or replace with documented original content"
"public/assets/trophies/medal_silver.webp","artwork-other","ed6184633494964a4cd4650e2b8b2605657d1397681e477b85dfc154f42b7ad0","No item-specific permission located","","Locate original creator/license or replace with documented original content"
"public/assets/trophies/mvp_star.png","artwork-other","6fa4da71155475d7d9feefefc3ff215265ba0165dc29c707c3bac67c30a9896f","No item-specific permission located","","Locate original creator/license or replace with documented original content"
"public/assets/trophies/mvp_star.webp","artwork-other","214fd64e98cf1a94b82dd42fc57e9909d2a3a9b73984ea847280af55b3a26561","No item-specific permission located","","Locate original creator/license or replace with documented original content"
"public/assets/ui/CT_Loadout.jpg","artwork-other","9768445e176d320fa22c4a9ab77b5755923d9e774bc4f07205963d00980ac9ad","No item-specific permission located","","Locate original creator/license or replace with documented original content"
"public/assets/ui/CT_Loadout.webp","artwork-other","1ccb6b5c58ca1213032eb4f78296270b479a574fe5ab4ea338367c5aea58e59a","No item-specific permission located","","Locate original creator/license or replace with documented original content"
"public/assets/ui/T_Loadout.jpg","artwork-other","3210c1941883ed6832bddd17a38d1d21ed96d2284dc204a5d9efaaed0b88ef46","No item-specific permission located","","Locate original creator/license or replace with documented original content"
"public/assets/ui/T_Loadout.webp","artwork-other","e5bcf9030c9951cf8824d66b461fdd811bbccf3f43c48421b8a65b21624bf4f1","No item-specific permission located","","Locate original creator/license or replace with documented original content"
"public/assets/ui/phone-wallpaper.png","artwork-other","63b989eb794b63b187149044af8a376e97880e5053ceb9ed216af234d6a81dc9","No item-specific permission located","","Locate original creator/license or replace with documented original content"
"public/assets/ui/phone-wallpaper.webp","artwork-other","cc52bb20e44e272995ee9b63fd3d70e84c97ba648c3f66349fec0b6c8e932701","No item-specific permission located","","Locate original creator/license or replace with documented original content"
"public/assets/weapons/headshot.png","artwork-other","e764a1bf0351d0ff6b073bf2d7ae31d5595dc2482e9776ab247b933fd430c7df","No item-specific permission located","","Locate original creator/license or replace with documented original content"
"public/assets/weapons/weapon_ak47.png","artwork-other","4e176cada00bccc3629eb16ed104f203307b9c844bb80ef617f24698f71c1d41","No item-specific permission located","","Locate original creator/license or replace with documented original content"
"public/assets/weapons/weapon_aug.png","artwork-other","b6b35e99fc912fb327d091f7fc238085c0548347621e2e592444e65b5bedb052","No item-specific permission located","","Locate original creator/license or replace with documented original content"
"public/assets/weapons/weapon_awp.png","artwork-other","ee731585f91274fa8d41f3fadb6ea66d5c330c1937619a423fb95a23f38f697d","No item-specific permission located","","Locate original creator/license or replace with documented original content"
"public/assets/weapons/weapon_deagle.png","artwork-other","ece57ff6dc0ba19acf7fa4d58b30f26da43b5ba109ceebcdee5121be32600e35","No item-specific permission located","","Locate original creator/license or replace with documented original content"
"public/assets/weapons/weapon_famas.png","artwork-other","68ff01076cf4c09bb8cba568dcf76277583b854d165ae34a4463aee8c00c6a87","No item-specific permission located","","Locate original creator/license or replace with documented original content"
"public/assets/weapons/weapon_fiveseven.png","artwork-other","a5e01836b154b6010e53863a77b6bce55a3e7bc6c0133782c3e2dd7b51ef9d6a","No item-specific permission located","","Locate original creator/license or replace with documented original content"
"public/assets/weapons/weapon_galil.png","artwork-other","d81d741cd0ab55a79f99eb6d033f67229fce944f97210e97605493c23cb7ee78","No item-specific permission located","","Locate original creator/license or replace with documented original content"
"public/assets/weapons/weapon_glock.png","artwork-other","9a19ad7d917e888190898bc2da76c2f58849321fae7eef302216d1ab05adf00a","No item-specific permission located","","Locate original creator/license or replace with documented original content"
"public/assets/weapons/weapon_m4a1s.png","artwork-other","2295756c8a2494ac80fe026d6fe03dd77ee84f6beb08d6ab235f578c6ef73b90","No item-specific permission located","","Locate original creator/license or replace with documented original content"
"public/assets/weapons/weapon_m4a4.png","artwork-other","9b9e1ec7131e7dd2a021b9ad7a20f93215e5f329c0cb40e313b93491feb7caba","No item-specific permission located","","Locate original creator/license or replace with documented original content"
"public/assets/weapons/weapon_mac10.png","artwork-other","16319738ae817ae86684d112a3aacb2be572497bccfd56383466ea8c7596fcf9","No item-specific permission located","","Locate original creator/license or replace with documented original content"
"public/assets/weapons/weapon_mag7.png","artwork-other","4d280c8dda4685fbc91c178c006f825ead6f21e50f2be7df85075b85bef27f56","No item-specific permission located","","Locate original creator/license or replace with documented original content"
"public/assets/weapons/weapon_mp7.png","artwork-other","debb09e9d848fbd02c74130a7b8abb1d176a8ee7bde640a6686b8eba969300dc","No item-specific permission located","","Locate original creator/license or replace with documented original content"
"public/assets/weapons/weapon_mp9.png","artwork-other","6cd31227b28e5a8a97db4a70e5f4bf70a159204aefe745e4215ade8245a170ac","No item-specific permission located","","Locate original creator/license or replace with documented original content"
"public/assets/weapons/weapon_p250.png","artwork-other","b62817e91499b10c7155110ead98dcdc28a7bfdd2cb8f8e6927380bad5cdf26d","No item-specific permission located","","Locate original creator/license or replace with documented original content"
"public/assets/weapons/weapon_p90.png","artwork-other","193157b8b30220a4e0a30acfe395f17767429957c47cb9d5b63073be9cb66ddd","No item-specific permission located","","Locate original creator/license or replace with documented original content"
"public/assets/weapons/weapon_usp.png","artwork-other","1de40e96283482318a3054a99309fc4b64f3be96e72d341073d7249ff9d75778","No item-specific permission located","","Locate original creator/license or replace with documented original content"
"public/assets/weapons/weapon_xm1014.png","artwork-other","ff394c3e5acaccb4872718274e62a529b833d1aa2a2a0c54b223f349bad20fa4","No item-specific permission located","","Locate original creator/license or replace with documented original content"
"public/branding/apple-icon.png","marketing-branding","ca531540da51a2280366bdeb6da7669a99e009e18aebad5dd45291dc6e2111bf","Local store/build artwork; creator and source evidence required","docs/STEAM_REVIEW_REMEDIATION_PLAN.md","Locate original creator/license or replace with documented original content"
"public/branding/logo-main.png","marketing-branding","ca531540da51a2280366bdeb6da7669a99e009e18aebad5dd45291dc6e2111bf","Local store/build artwork; creator and source evidence required","docs/STEAM_REVIEW_REMEDIATION_PLAN.md","Locate original creator/license or replace with documented original content"
"public/branding/portraits/portrait-00e632024b9baf98.png","portrait","00a0bd8e6c446f1c99fe9f5653fcd430bb472c189aac1068ef7ead66be098fea","Retained portrait bytes relocated from legacy player folders; migration is not creation or permission evidence","docs/launch-readiness/evidence/L31-PORTRAIT-MIGRATION.json","Locate original creator/license or replace with documented original content"
"public/branding/portraits/portrait-023002e02d4ad8d6.png","portrait","55f211c0a88090106117f31a564260e5693d46d7a643a9458f58166f8af1fca4","Retained portrait bytes relocated from legacy player folders; migration is not creation or permission evidence","docs/launch-readiness/evidence/L31-PORTRAIT-MIGRATION.json","Locate original creator/license or replace with documented original content"
"public/branding/portraits/portrait-02e9e2dbd22c29a2.png","portrait","90c6d26cf2142e7801f7b03c4b79920f93d2f10f01edc86a102ed553e811c7fd","Retained portrait bytes relocated from legacy player folders; migration is not creation or permission evidence","docs/launch-readiness/evidence/L31-PORTRAIT-MIGRATION.json","Locate original creator/license or replace with documented original content"
"public/branding/portraits/portrait-046d9950c5a20a00.png","portrait","5722bf490fb702294703103f26dc49f198c450ce58513bf124415c0695e08080","Retained portrait bytes relocated from legacy player folders; migration is not creation or permission evidence","docs/launch-readiness/evidence/L31-PORTRAIT-MIGRATION.json","Locate original creator/license or replace with documented original content"
"public/branding/portraits/portrait-047e014cd6125116.png","portrait","e97962c2fb63d90500e097156d9c7ae66442f078b516995334c44e06406fff32","Retained portrait bytes relocated from legacy player folders; migration is not creation or permission evidence","docs/launch-readiness/evidence/L31-PORTRAIT-MIGRATION.json","Locate original creator/license or replace with documented original content"
"public/branding/portraits/portrait-05b3008a925f8532.png","portrait","0dc11137cf3df0112b29ae0e09471325b55e9ddc85caa12caae43dbaf8eb0d76","Retained portrait bytes relocated from legacy player folders; migration is not creation or permission evidence","docs/launch-readiness/evidence/L31-PORTRAIT-MIGRATION.json","Locate original creator/license or replace with documented original content"
"public/branding/portraits/portrait-08552f8d95814d52.png","portrait","1712075a8f55bd6e7b1d1ddb8d6464a255590ba1701ef16d3b11fbb7e2a1ba66","Retained portrait bytes relocated from legacy player folders; migration is not creation or permission evidence","docs/launch-readiness/evidence/L31-PORTRAIT-MIGRATION.json","Locate original creator/license or replace with documented original content"
"public/branding/portraits/portrait-08de3e10fa32b4ca.png","portrait","b765a175564ed6ef288ae8332a11e7b9947d9a06e94043d6467114af67b8d3e3","Retained portrait bytes relocated from legacy player folders; migration is not creation or permission evidence","docs/launch-readiness/evidence/L31-PORTRAIT-MIGRATION.json","Locate original creator/license or replace with documented original content"
"public/branding/portraits/portrait-09c1f014d2562c32.png","portrait","b64fa278548da1e2d4d9de505241670616e1475c52e9530c6ac96e930b7e522a","Retained portrait bytes relocated from legacy player folders; migration is not creation or permission evidence","docs/launch-readiness/evidence/L31-PORTRAIT-MIGRATION.json","Locate original creator/license or replace with documented original content"
"public/branding/portraits/portrait-0b0692441af5bb91.png","portrait","ce78558d7151299c9609d3fd5e92c7e7254b205537c3cbb9f623756c78176b3f","Retained portrait bytes relocated from legacy player folders; migration is not creation or permission evidence","docs/launch-readiness/evidence/L31-PORTRAIT-MIGRATION.json","Locate original creator/license or replace with documented original content"
"public/branding/portraits/portrait-0ed5dff521a9eeef.png","portrait","8d1f255b627d1eed188aca853d8744e023f0fc3c8c6126734b7b56b70ac5238f","Retained portrait bytes relocated from legacy player folders; migration is not creation or permission evidence","docs/launch-readiness/evidence/L31-PORTRAIT-MIGRATION.json","Locate original creator/license or replace with documented original content"
"public/branding/portraits/portrait-0f305e45fcb2c2d7.png","portrait","b42bad50ae86aee615f51a21de65f3781b9eceb67da3cdc76121d8e5ad2d0205","Retained portrait bytes relocated from legacy player folders; migration is not creation or permission evidence","docs/launch-readiness/evidence/L31-PORTRAIT-MIGRATION.json","Locate original creator/license or replace with documented original content"
"public/branding/portraits/portrait-0f7891ddecefee21.png","portrait","51f3d1bc3075258430339926ab623d3ad868d378d76352307873ceea9097162a","Retained portrait bytes relocated from legacy player folders; migration is not creation or permission evidence","docs/launch-readiness/evidence/L31-PORTRAIT-MIGRATION.json","Locate original creator/license or replace with documented original content"
"public/branding/portraits/portrait-10b0401c24d3c8f8.png","portrait","5c7fe8d43e5bc055a312c326c11d18da49f4c8ed4a49fc21081c8b8fbf15e206","Retained portrait bytes relocated from legacy player folders; migration is not creation or permission evidence","docs/launch-readiness/evidence/L31-PORTRAIT-MIGRATION.json","Locate original creator/license or replace with documented original content"
"public/branding/portraits/portrait-151680103dc99cf1.png","portrait","a30fc0fa58e03fe5b564aafbb0ea30fb43a2d896df1221facef45db9cd7cd4af","Retained portrait bytes relocated from legacy player folders; migration is not creation or permission evidence","docs/launch-readiness/evidence/L31-PORTRAIT-MIGRATION.json","Locate original creator/license or replace with documented original content"
"public/branding/portraits/portrait-15595c28df9dc21a.png","portrait","e03632199c4b19d64e2e53d2487525ba7ab8b6012b7b39717c166a6b18b7d4d6","Retained portrait bytes relocated from legacy player folders; migration is not creation or permission evidence","docs/launch-readiness/evidence/L31-PORTRAIT-MIGRATION.json","Locate original creator/license or replace with documented original content"
"public/branding/portraits/portrait-15caf58083404294.png","portrait","5ba0dc15dc6363c14d45201c888f116999ba8d56ccfd0395bba8a9d0d089672d","Retained portrait bytes relocated from legacy player folders; migration is not creation or permission evidence","docs/launch-readiness/evidence/L31-PORTRAIT-MIGRATION.json","Locate original creator/license or replace with documented original content"
"public/branding/portraits/portrait-16a2c091bae04f86.png","portrait","01381f8210f04a732aef003d2eef11ed11162aa359d8476b07e5b49ce492ce25","Retained portrait bytes relocated from legacy player folders; migration is not creation or permission evidence","docs/launch-readiness/evidence/L31-PORTRAIT-MIGRATION.json","Locate original creator/license or replace with documented original content"
"public/branding/portraits/portrait-16a32f308de26286.png","portrait","8697bd798af7c8388734dd0f94ea58d07fb78172938864df79289b9661637804","Retained portrait bytes relocated from legacy player folders; migration is not creation or permission evidence","docs/launch-readiness/evidence/L31-PORTRAIT-MIGRATION.json","Locate original creator/license or replace with documented original content"
"public/branding/portraits/portrait-17d6fee344098653.png","portrait","9dbf30518701224be210ab20848222b0a400e807e375f9f7e976fc272cf398d5","Retained portrait bytes relocated from legacy player folders; migration is not creation or permission evidence","docs/launch-readiness/evidence/L31-PORTRAIT-MIGRATION.json","Locate original creator/license or replace with documented original content"
"public/branding/portraits/portrait-184f8d73aeca88a4.png","portrait","5135c93d0c6ddbf08017ae9d824f0a30fdaef346ff1e79d0b1dd6f4aa3a7a2eb","Retained portrait bytes relocated from legacy player folders; migration is not creation or permission evidence","docs/launch-readiness/evidence/L31-PORTRAIT-MIGRATION.json","Locate original creator/license or replace with documented original content"
"public/branding/portraits/portrait-1b4a99ff8e628a1f.png","portrait","40e806a5ad48aa56297920494d05ee13ca4ef99849841a0b9361881c490d76ad","Retained portrait bytes relocated from legacy player folders; migration is not creation or permission evidence","docs/launch-readiness/evidence/L31-PORTRAIT-MIGRATION.json","Locate original creator/license or replace with documented original content"
"public/branding/portraits/portrait-1d5385544a04c750.png","portrait","ee53f64dc3ba30a3eeb1c1934ee8a0d7eb1cf2f83c7cb07b609dd86626eeb354","Retained portrait bytes relocated from legacy player folders; migration is not creation or permission evidence","docs/launch-readiness/evidence/L31-PORTRAIT-MIGRATION.json","Locate original creator/license or replace with documented original content"
"public/branding/portraits/portrait-1e3f42b032cb9c74.png","portrait","2412142ab6080a6783aaff6293b83f0ed3e8577d6da8888513e7cf52b459d21f","Retained portrait bytes relocated from legacy player folders; migration is not creation or permission evidence","docs/launch-readiness/evidence/L31-PORTRAIT-MIGRATION.json","Locate original creator/license or replace with documented original content"
"public/branding/portraits/portrait-1fa5cd715cbd9cba.png","portrait","7949f5db423763234568cddf4a1f98c3ab584bd5242e11ae671808d0043d5e9a","Retained portrait bytes relocated from legacy player folders; migration is not creation or permission evidence","docs/launch-readiness/evidence/L31-PORTRAIT-MIGRATION.json","Locate original creator/license or replace with documented original content"
"public/branding/portraits/portrait-210e4adf02b81e8f.png","portrait","d06cf34e608f4c645c1a123cdb951c6da49500e73eeeccc84134a03e6111e56c","Retained portrait bytes relocated from legacy player folders; migration is not creation or permission evidence","docs/launch-readiness/evidence/L31-PORTRAIT-MIGRATION.json","Locate original creator/license or replace with documented original content"
"public/branding/portraits/portrait-2258a82f5cdbd216.png","portrait","7789c62542d4b0d6c7f1daa21d1af8aa2b8aabfda6c5ed00fae109a6171f0e28","Retained portrait bytes relocated from legacy player folders; migration is not creation or permission evidence","docs/launch-readiness/evidence/L31-PORTRAIT-MIGRATION.json","Locate original creator/license or replace with documented original content"
"public/branding/portraits/portrait-23e2c6a149c7a192.png","portrait","a02a4474e9afae4a0e00f1786ad7e43117f3385a890c7d9cd9e901e12b870716","Retained portrait bytes relocated from legacy player folders; migration is not creation or permission evidence","docs/launch-readiness/evidence/L31-PORTRAIT-MIGRATION.json","Locate original creator/license or replace with documented original content"
"public/branding/portraits/portrait-24fde9320d8876a7.png","portrait","e0096b12b2950c717e5b492e651a5719463aa82199b7c1676d4daefdd638156a","Retained portrait bytes relocated from legacy player folders; migration is not creation or permission evidence","docs/launch-readiness/evidence/L31-PORTRAIT-MIGRATION.json","Locate original creator/license or replace with documented original content"
"public/branding/portraits/portrait-25969f994366a1b3.png","portrait","6dbf4e7619abfd1bf0b6fa70d1b86278b6d645097baaa25485fe7ef44167fdc1","Retained portrait bytes relocated from legacy player folders; migration is not creation or permission evidence","docs/launch-readiness/evidence/L31-PORTRAIT-MIGRATION.json","Locate original creator/license or replace with documented original content"
"public/branding/portraits/portrait-263d6c3cdedb6ad8.png","portrait","2b365baee51ba451b6c247ca51673e3cbaf7595d11021d0a36bd65891d43fe2f","Retained portrait bytes relocated from legacy player folders; migration is not creation or permission evidence","docs/launch-readiness/evidence/L31-PORTRAIT-MIGRATION.json","Locate original creator/license or replace with documented original content"
"public/branding/portraits/portrait-26dbe4c9d71f19aa.png","portrait","7b8802b050072725b29f2170ea9e4b319da49d59744168defc65e8459f7cefba","Retained portrait bytes relocated from legacy player folders; migration is not creation or permission evidence","docs/launch-readiness/evidence/L31-PORTRAIT-MIGRATION.json","Locate original creator/license or replace with documented original content"
"public/branding/portraits/portrait-27828663918f9826.png","portrait","e9ae8b6706b80af06b3035eaec10cc0f981825e52d8d038a046fdf0888dda0b9","Retained portrait bytes relocated from legacy player folders; migration is not creation or permission evidence","docs/launch-readiness/evidence/L31-PORTRAIT-MIGRATION.json","Locate original creator/license or replace with documented original content"
"public/branding/portraits/portrait-2828ed56a02057fb.png","portrait","14c2a9fe42e1b43f37fbc92a8ee816a171f3b06fde3a07e2596c7f68aba07582","Retained portrait bytes relocated from legacy player folders; migration is not creation or permission evidence","docs/launch-readiness/evidence/L31-PORTRAIT-MIGRATION.json","Locate original creator/license or replace with documented original content"
"public/branding/portraits/portrait-287543f8668529d8.png","portrait","ae06f9a60058b1b3a059744bf8f051cf3312c50119f607c3f49736c05e564a07","Retained portrait bytes relocated from legacy player folders; migration is not creation or permission evidence","docs/launch-readiness/evidence/L31-PORTRAIT-MIGRATION.json","Locate original creator/license or replace with documented original content"
"public/branding/portraits/portrait-2b6fc7290c2d2bb9.png","portrait","ecdbacc30101c0fe29df6cc977e78477e14c44661f718c78e86775ab30f8c03d","Retained portrait bytes relocated from legacy player folders; migration is not creation or permission evidence","docs/launch-readiness/evidence/L31-PORTRAIT-MIGRATION.json","Locate original creator/license or replace with documented original content"
"public/branding/portraits/portrait-2cbf4afd3a64edf0.png","portrait","c3daa9b6e4062627b96e481499ae2406d0289a477e09137a7f09f6094eea0902","Retained portrait bytes relocated from legacy player folders; migration is not creation or permission evidence","docs/launch-readiness/evidence/L31-PORTRAIT-MIGRATION.json","Locate original creator/license or replace with documented original content"
"public/branding/portraits/portrait-2efb3c6012ffb99b.png","portrait","acc4f0f08afe6be86ac10cca6f25a91e26067761a36beaeb9bbc57d33097c81a","Retained portrait bytes relocated from legacy player folders; migration is not creation or permission evidence","docs/launch-readiness/evidence/L31-PORTRAIT-MIGRATION.json","Locate original creator/license or replace with documented original content"
"public/branding/portraits/portrait-3374d5047d08e4d6.png","portrait","a380241725dd3899b2642ec765a0167d42f04f699f07de45bed78e62f3eb616f","Retained portrait bytes relocated from legacy player folders; migration is not creation or permission evidence","docs/launch-readiness/evidence/L31-PORTRAIT-MIGRATION.json","Locate original creator/license or replace with documented original content"
"public/branding/portraits/portrait-3e608266ef858bd2.png","portrait","9509acf51e7500921f1229b9011316efca3f49abde5bd35ce1634646c40df3c8","Retained portrait bytes relocated from legacy player folders; migration is not creation or permission evidence","docs/launch-readiness/evidence/L31-PORTRAIT-MIGRATION.json","Locate original creator/license or replace with documented original content"
"public/branding/portraits/portrait-400363fbcdd72cf1.png","portrait","1fd3f614df149201b6f70cdae44d81eb98a83616df99f30fb93c7a71d690be37","Retained portrait bytes relocated from legacy player folders; migration is not creation or permission evidence","docs/launch-readiness/evidence/L31-PORTRAIT-MIGRATION.json","Locate original creator/license or replace with documented original content"
"public/branding/portraits/portrait-40116d10b8fa3e1e.png","portrait","698a938538b2c2192760e79412fe88b2ba41748aa234fc72188c2686da49b7c2","Retained portrait bytes relocated from legacy player folders; migration is not creation or permission evidence","docs/launch-readiness/evidence/L31-PORTRAIT-MIGRATION.json","Locate original creator/license or replace with documented original content"
"public/branding/portraits/portrait-40bc636abe97a0cf.png","portrait","ab69cfefdfa74966db071dc15a7337370239d845de49ce19ced751132f81b2a5","Retained portrait bytes relocated from legacy player folders; migration is not creation or permission evidence","docs/launch-readiness/evidence/L31-PORTRAIT-MIGRATION.json","Locate original creator/license or replace with documented original content"
"public/branding/portraits/portrait-42ae744e4c7c59b0.png","portrait","5d9f4aeb4bfd6c9d18befadef7e4693a4f6ce94b855e46ac243bb9ca77bb62fc","Retained portrait bytes relocated from legacy player folders; migration is not creation or permission evidence","docs/launch-readiness/evidence/L31-PORTRAIT-MIGRATION.json","Locate original creator/license or replace with documented original content"
"public/branding/portraits/portrait-44f729babfc23509.png","portrait","fba6029f097d457174af9032d9ade79e1e42eaaf25bc695fd0ae5ce3d8ffe936","Retained portrait bytes relocated from legacy player folders; migration is not creation or permission evidence","docs/launch-readiness/evidence/L31-PORTRAIT-MIGRATION.json","Locate original creator/license or replace with documented original content"
"public/branding/portraits/portrait-45be125603aafff4.png","portrait","0f640a2626ebb54bd433838f5e510c09ba6f0f942e42abac70478064db44f617","Retained portrait bytes relocated from legacy player folders; migration is not creation or permission evidence","docs/launch-readiness/evidence/L31-PORTRAIT-MIGRATION.json","Locate original creator/license or replace with documented original content"
"public/branding/portraits/portrait-47f2c5f351ae6f6f.png","portrait","4cd59b64a2131e03b183f84d4c5242524e19ffb6b09685e559f3038eb58addda","Retained portrait bytes relocated from legacy player folders; migration is not creation or permission evidence","docs/launch-readiness/evidence/L31-PORTRAIT-MIGRATION.json","Locate original creator/license or replace with documented original content"
"public/branding/portraits/portrait-48184abe7aeb51f2.png","portrait","8dd8f8c09b4d00ddde6f33b75fba34ed9c07e6302eb33653e95fdea29ce5c1fc","Retained portrait bytes relocated from legacy player folders; migration is not creation or permission evidence","docs/launch-readiness/evidence/L31-PORTRAIT-MIGRATION.json","Locate original creator/license or replace with documented original content"
"public/branding/portraits/portrait-4b652775c4881ba9.png","portrait","cad86a9f0169027703853a0200e92c7603ae08584858e7169b969e619d30effe","Retained portrait bytes relocated from legacy player folders; migration is not creation or permission evidence","docs/launch-readiness/evidence/L31-PORTRAIT-MIGRATION.json","Locate original creator/license or replace with documented original content"
"public/branding/portraits/portrait-4bfa31d889f26e9e.png","portrait","d18491f674f69c5ff6083766dc3899e4a788c5b8c401e9c42f4dd289e6c1d411","Retained portrait bytes relocated from legacy player folders; migration is not creation or permission evidence","docs/launch-readiness/evidence/L31-PORTRAIT-MIGRATION.json","Locate original creator/license or replace with documented original content"
"public/branding/portraits/portrait-4dca2407966b6341.png","portrait","d311b77c4844cb0385eab625fdcfb505b966b201e6a40771362dedf1d24cf38b","Retained portrait bytes relocated from legacy player folders; migration is not creation or permission evidence","docs/launch-readiness/evidence/L31-PORTRAIT-MIGRATION.json","Locate original creator/license or replace with documented original content"
"public/branding/portraits/portrait-4e12c329b48ea635.png","portrait","46620910df6822d8f7781f35adb21959e5f1623fa9439726b8f7761e4c79ebdf","Retained portrait bytes relocated from legacy player folders; migration is not creation or permission evidence","docs/launch-readiness/evidence/L31-PORTRAIT-MIGRATION.json","Locate original creator/license or replace with documented original content"
"public/branding/portraits/portrait-4f4218e48280f676.png","portrait","db56af6de5753c0c963d623ed851b2d96c40956d142ddd2fe7d12a1694354f8c","Retained portrait bytes relocated from legacy player folders; migration is not creation or permission evidence","docs/launch-readiness/evidence/L31-PORTRAIT-MIGRATION.json","Locate original creator/license or replace with documented original content"
"public/branding/portraits/portrait-50056bdbefff24d1.png","portrait","c70a5ae22b4a1f2b6c9467f35c4e580d93ea129259bc7a050e059ed5875cb13c","Retained portrait bytes relocated from legacy player folders; migration is not creation or permission evidence","docs/launch-readiness/evidence/L31-PORTRAIT-MIGRATION.json","Locate original creator/license or replace with documented original content"
"public/branding/portraits/portrait-506634cbf5f4f364.png","portrait","3b529cda23b9d4b6ce98217c95bdcfbefc174fa92942e4cf03a4ac309e96842c","Retained portrait bytes relocated from legacy player folders; migration is not creation or permission evidence","docs/launch-readiness/evidence/L31-PORTRAIT-MIGRATION.json","Locate original creator/license or replace with documented original content"
"public/branding/portraits/portrait-51f71fa097043a02.png","portrait","9178733bf149f489a4df1ba86edef8352641215603d0f932b971bc96e17507fc","Retained portrait bytes relocated from legacy player folders; migration is not creation or permission evidence","docs/launch-readiness/evidence/L31-PORTRAIT-MIGRATION.json","Locate original creator/license or replace with documented original content"
"public/branding/portraits/portrait-5657f911852ca05b.png","portrait","70e4def539b04e81400baf8851f8755f8863071d79204e28bd64fd205875e04e","Retained portrait bytes relocated from legacy player folders; migration is not creation or permission evidence","docs/launch-readiness/evidence/L31-PORTRAIT-MIGRATION.json","Locate original creator/license or replace with documented original content"
"public/branding/portraits/portrait-5666e2f2bdecf63d.png","portrait","6c59122e2d6869eaba883c5c2c81734fd3e93eba13b1714ea2c224849602a566","Retained portrait bytes relocated from legacy player folders; migration is not creation or permission evidence","docs/launch-readiness/evidence/L31-PORTRAIT-MIGRATION.json","Locate original creator/license or replace with documented original content"
"public/branding/portraits/portrait-575025cdfba33e25.png","portrait","ded6be0b6ebd8fa5cf6986c9646734648158b3eebee95d9fdc8e977f9cc8dc88","Retained portrait bytes relocated from legacy player folders; migration is not creation or permission evidence","docs/launch-readiness/evidence/L31-PORTRAIT-MIGRATION.json","Locate original creator/license or replace with documented original content"
"public/branding/portraits/portrait-57a65ae2a6c4e184.png","portrait","783569d17f5a1541346832c237bdc62a0be8d3f11d932e0b922da3446ada836c","Retained portrait bytes relocated from legacy player folders; migration is not creation or permission evidence","docs/launch-readiness/evidence/L31-PORTRAIT-MIGRATION.json","Locate original creator/license or replace with documented original content"
"public/branding/portraits/portrait-588f9137bddf5f6d.png","portrait","a06ae894f02ba1533118af3d4ea4952b22e81e3c2160adaf2b6ab8d0742c9b3a","Retained portrait bytes relocated from legacy player folders; migration is not creation or permission evidence","docs/launch-readiness/evidence/L31-PORTRAIT-MIGRATION.json","Locate original creator/license or replace with documented original content"
"public/branding/portraits/portrait-5c8f279baef5a1fa.png","portrait","23943a31f61941d558e341706bd9a27bd526f7cb4678137dc8f1d96f48e4bd6d","Retained portrait bytes relocated from legacy player folders; migration is not creation or permission evidence","docs/launch-readiness/evidence/L31-PORTRAIT-MIGRATION.json","Locate original creator/license or replace with documented original content"
"public/branding/portraits/portrait-5c9474bb6fe673c6.png","portrait","b6b1a656112a912e2a28831e9cf3172750f0f136483f3b324626777519acc3ed","Retained portrait bytes relocated from legacy player folders; migration is not creation or permission evidence","docs/launch-readiness/evidence/L31-PORTRAIT-MIGRATION.json","Locate original creator/license or replace with documented original content"
"public/branding/portraits/portrait-5e72b9982c1b32e9.png","portrait","b2eb04599b3bc384fd040c113e2483b15efba52e3a5f36a2a453e312d0a19325","Retained portrait bytes relocated from legacy player folders; migration is not creation or permission evidence","docs/launch-readiness/evidence/L31-PORTRAIT-MIGRATION.json","Locate original creator/license or replace with documented original content"
"public/branding/portraits/portrait-5e8437585b049961.png","portrait","43c72939717afa9db580be071523128c9fc3a8a9f63716f09e65d7aee350f82f","Retained portrait bytes relocated from legacy player folders; migration is not creation or permission evidence","docs/launch-readiness/evidence/L31-PORTRAIT-MIGRATION.json","Locate original creator/license or replace with documented original content"
"public/branding/portraits/portrait-5f2d0d3df68aecf6.png","portrait","d2d988d130fa8107d473073cbd89ba4aa112f4cbaab407ad7a30d4c8e90178db","Retained portrait bytes relocated from legacy player folders; migration is not creation or permission evidence","docs/launch-readiness/evidence/L31-PORTRAIT-MIGRATION.json","Locate original creator/license or replace with documented original content"
"public/branding/portraits/portrait-5f3e7eb4f0cd41d8.png","portrait","043150b00dadaba1fc77fb17d0fdeb1334ad8a2ca352a5a8513dc81695f03eec","Retained portrait bytes relocated from legacy player folders; migration is not creation or permission evidence","docs/launch-readiness/evidence/L31-PORTRAIT-MIGRATION.json","Locate original creator/license or replace with documented original content"
"public/branding/portraits/portrait-61537c8b8ef848fc.png","portrait","95024f3ac542574016bd92a169d4ecc9103c9016c444f364f57f8e77bec09f61","Retained portrait bytes relocated from legacy player folders; migration is not creation or permission evidence","docs/launch-readiness/evidence/L31-PORTRAIT-MIGRATION.json","Locate original creator/license or replace with documented original content"
"public/branding/portraits/portrait-626203023b74e3ee.png","portrait","9ef2fa834d0be0580b159d86f111905f47e0f7e80aa6d2cb50fcb26c674a1fbf","Retained portrait bytes relocated from legacy player folders; migration is not creation or permission evidence","docs/launch-readiness/evidence/L31-PORTRAIT-MIGRATION.json","Locate original creator/license or replace with documented original content"
"public/branding/portraits/portrait-62e58cebdd9e4b3f.png","portrait","216559bbaafb4cd5ab1660d916ee093baae3cb6ea0e2be346b78aed06eb95e6c","Retained portrait bytes relocated from legacy player folders; migration is not creation or permission evidence","docs/launch-readiness/evidence/L31-PORTRAIT-MIGRATION.json","Locate original creator/license or replace with documented original content"
"public/branding/portraits/portrait-63903dbd499db616.png","portrait","38f5581c296fb84703e87136acb7c2d50496eb2bd614537dba85ed4d16057013","Retained portrait bytes relocated from legacy player folders; migration is not creation or permission evidence","docs/launch-readiness/evidence/L31-PORTRAIT-MIGRATION.json","Locate original creator/license or replace with documented original content"
"public/branding/portraits/portrait-64dd8cddc1f19c21.png","portrait","188b13afb6ae46138326c9fc060b843ef898eb98ee5dd81e89ffb6ed01408977","Retained portrait bytes relocated from legacy player folders; migration is not creation or permission evidence","docs/launch-readiness/evidence/L31-PORTRAIT-MIGRATION.json","Locate original creator/license or replace with documented original content"
"public/branding/portraits/portrait-64ead1ac2869232e.png","portrait","0e64d63ebbaaa5d34d6b602a9b893bf54e7705fac7d336b81462c0a11bb250d5","Retained portrait bytes relocated from legacy player folders; migration is not creation or permission evidence","docs/launch-readiness/evidence/L31-PORTRAIT-MIGRATION.json","Locate original creator/license or replace with documented original content"
"public/branding/portraits/portrait-65356369a95161c3.png","portrait","b38f47475cdf30b35d5e73bc5d97e2061a12778aca4ae55d87abb1c9cb051b56","Retained portrait bytes relocated from legacy player folders; migration is not creation or permission evidence","docs/launch-readiness/evidence/L31-PORTRAIT-MIGRATION.json","Locate original creator/license or replace with documented original content"
"public/branding/portraits/portrait-66969178651fdc0f.png","portrait","0d9a05896a3cd1260111e0e502314178c697f1c656a8fcd36fb863887fcaadcf","Retained portrait bytes relocated from legacy player folders; migration is not creation or permission evidence","docs/launch-readiness/evidence/L31-PORTRAIT-MIGRATION.json","Locate original creator/license or replace with documented original content"
"public/branding/portraits/portrait-66c35f5577468e19.png","portrait","5d2e25b32b81b9b9c5b935cf2b825d09a36b5f3089f52f14a4c9ae5ecdf2dcbb","Retained portrait bytes relocated from legacy player folders; migration is not creation or permission evidence","docs/launch-readiness/evidence/L31-PORTRAIT-MIGRATION.json","Locate original creator/license or replace with documented original content"
"public/branding/portraits/portrait-696bb0c38608dff6.png","portrait","4b5450b4bddb83f3e1939a35e2947a9f9c47777d5b98cccabad47e61e7c783e1","Retained portrait bytes relocated from legacy player folders; migration is not creation or permission evidence","docs/launch-readiness/evidence/L31-PORTRAIT-MIGRATION.json","Locate original creator/license or replace with documented original content"
"public/branding/portraits/portrait-6cf19e54cfa4e240.png","portrait","c4a22ec194abb821f5e0f3336a52bb454897146317ef296af6f1e553bd675da9","Retained portrait bytes relocated from legacy player folders; migration is not creation or permission evidence","docs/launch-readiness/evidence/L31-PORTRAIT-MIGRATION.json","Locate original creator/license or replace with documented original content"
"public/branding/portraits/portrait-70258e102a2da7de.png","portrait","32b383bce2d2b51100d39e32216cf895ff3f404ea40abaa228f8eb4c648dacd7","Retained portrait bytes relocated from legacy player folders; migration is not creation or permission evidence","docs/launch-readiness/evidence/L31-PORTRAIT-MIGRATION.json","Locate original creator/license or replace with documented original content"
"public/branding/portraits/portrait-71e39b9b36aa9e74.png","portrait","500c145b121b913592f1c9c9993cc1c0cbfca965a8246dd71519b8a9f1cb93bc","Retained portrait bytes relocated from legacy player folders; migration is not creation or permission evidence","docs/launch-readiness/evidence/L31-PORTRAIT-MIGRATION.json","Locate original creator/license or replace with documented original content"
"public/branding/portraits/portrait-72509d9918b822c5.png","portrait","d0dd0c3fd7a678230608cfc3cf72e8aed5be689d8917eef77390669047d86e0d","Retained portrait bytes relocated from legacy player folders; migration is not creation or permission evidence","docs/launch-readiness/evidence/L31-PORTRAIT-MIGRATION.json","Locate original creator/license or replace with documented original content"
"public/branding/portraits/portrait-72a2f96b68b069ed.png","portrait","6cede0c21d175c9c738c59592c15e37bd90d1bdb6584170783221113d7b4fbb0","Retained portrait bytes relocated from legacy player folders; migration is not creation or permission evidence","docs/launch-readiness/evidence/L31-PORTRAIT-MIGRATION.json","Locate original creator/license or replace with documented original content"
"public/branding/portraits/portrait-72fe7d7b66cef8c4.png","portrait","d39f5a224c649a44d817f56fd3b32539bfea79ea63874ed91225aefc3a70d252","Retained portrait bytes relocated from legacy player folders; migration is not creation or permission evidence","docs/launch-readiness/evidence/L31-PORTRAIT-MIGRATION.json","Locate original creator/license or replace with documented original content"
"public/branding/portraits/portrait-73cdd0f2c6f7e759.png","portrait","31320435db51ca54d5b39de525bf2ae06e8a0126bf7400c203662444c728f447","Retained portrait bytes relocated from legacy player folders; migration is not creation or permission evidence","docs/launch-readiness/evidence/L31-PORTRAIT-MIGRATION.json","Locate original creator/license or replace with documented original content"
"public/branding/portraits/portrait-75a8ae378e1787b1.png","portrait","ddab6851cbbf5359d2d096e4ef23eb5267616e9d234f98f6959ceda3253cec3f","Retained portrait bytes relocated from legacy player folders; migration is not creation or permission evidence","docs/launch-readiness/evidence/L31-PORTRAIT-MIGRATION.json","Locate original creator/license or replace with documented original content"
"public/branding/portraits/portrait-7654c4ba94bcb756.png","portrait","a70b55aa852d2dcd465d6b8c8730d93e00b7ea11ee2795339fc3acf4c02d0ad4","Retained portrait bytes relocated from legacy player folders; migration is not creation or permission evidence","docs/launch-readiness/evidence/L31-PORTRAIT-MIGRATION.json","Locate original creator/license or replace with documented original content"
"public/branding/portraits/portrait-7b70a1574b8ff9d8.png","portrait","50713a95691f7420002667ace2948b88984143450c1874109334eaf31d67a8de","Retained portrait bytes relocated from legacy player folders; migration is not creation or permission evidence","docs/launch-readiness/evidence/L31-PORTRAIT-MIGRATION.json","Locate original creator/license or replace with documented original content"
"public/branding/portraits/portrait-7dc1ad048f489cc1.png","portrait","084986701a510495a1f69c9af6dd5b9b4bd8bc3c7abc140a5cde118bc6e48c90","Retained portrait bytes relocated from legacy player folders; migration is not creation or permission evidence","docs/launch-readiness/evidence/L31-PORTRAIT-MIGRATION.json","Locate original creator/license or replace with documented original content"
"public/branding/portraits/portrait-7fe633f27e582e78.png","portrait","c6ebc8be2f72d8f205efd8350e6711b69fe66cb1d6c1f1391612d88ba2387157","Retained portrait bytes relocated from legacy player folders; migration is not creation or permission evidence","docs/launch-readiness/evidence/L31-PORTRAIT-MIGRATION.json","Locate original creator/license or replace with documented original content"
"public/branding/portraits/portrait-8011e3d885dc0971.png","portrait","2c7b9c17d0b5e489b529a3323c2a7b7bf7a5d4891dcb2edb77eaac072c8cce70","Retained portrait bytes relocated from legacy player folders; migration is not creation or permission evidence","docs/launch-readiness/evidence/L31-PORTRAIT-MIGRATION.json","Locate original creator/license or replace with documented original content"
"public/branding/portraits/portrait-80b018640acccec6.png","portrait","e3c729c50539c92edbf62ab26ea0e6793f2e6215c501e79290572e43fef8d187","Retained portrait bytes relocated from legacy player folders; migration is not creation or permission evidence","docs/launch-readiness/evidence/L31-PORTRAIT-MIGRATION.json","Locate original creator/license or replace with documented original content"
"public/branding/portraits/portrait-832b755af4fd95f1.png","portrait","650eac23548ed3d329d1b78c0e659876bf7519a2c698392c32158265a9da9e07","Retained portrait bytes relocated from legacy player folders; migration is not creation or permission evidence","docs/launch-readiness/evidence/L31-PORTRAIT-MIGRATION.json","Locate original creator/license or replace with documented original content"
"public/branding/portraits/portrait-839163d1e17d05c3.png","portrait","994b3c2da8475df9e37cef4995fb18baff0d60c2c136f00a1e30d67c3dfb8d01","Retained portrait bytes relocated from legacy player folders; migration is not creation or permission evidence","docs/launch-readiness/evidence/L31-PORTRAIT-MIGRATION.json","Locate original creator/license or replace with documented original content"
"public/branding/portraits/portrait-8421f4a4de3ca73c.png","portrait","50418b092b2f082fbcd76ba79c04d9e8510e3354da4fc97e4a89cc9fe223bf23","Retained portrait bytes relocated from legacy player folders; migration is not creation or permission evidence","docs/launch-readiness/evidence/L31-PORTRAIT-MIGRATION.json","Locate original creator/license or replace with documented original content"
"public/branding/portraits/portrait-84836082768d2e91.png","portrait","2640958754e2e43fe64140acb193e919fc7dfb39ef6a29ff17924080ef7d5156","Retained portrait bytes relocated from legacy player folders; migration is not creation or permission evidence","docs/launch-readiness/evidence/L31-PORTRAIT-MIGRATION.json","Locate original creator/license or replace with documented original content"
"public/branding/portraits/portrait-8714634897c674a7.png","portrait","16b56ee2ffd6ffc81ab9226ce22de83dd8a856f4f79ec7bcdb06664c52597d4a","Retained portrait bytes relocated from legacy player folders; migration is not creation or permission evidence","docs/launch-readiness/evidence/L31-PORTRAIT-MIGRATION.json","Locate original creator/license or replace with documented original content"
"public/branding/portraits/portrait-876e75e01fe90e1a.png","portrait","bc9fbf482b70f8a419d5b6b9e4b36350317f74a9da6f75bc1281808dac0eebbf","Retained portrait bytes relocated from legacy player folders; migration is not creation or permission evidence","docs/launch-readiness/evidence/L31-PORTRAIT-MIGRATION.json","Locate original creator/license or replace with documented original content"
"public/branding/portraits/portrait-8779458e733a69d0.png","portrait","8aad6341b738650d91dff06fdb6150e47bb9792691b566757abce416afc75117","Retained portrait bytes relocated from legacy player folders; migration is not creation or permission evidence","docs/launch-readiness/evidence/L31-PORTRAIT-MIGRATION.json","Locate original creator/license or replace with documented original content"
"public/branding/portraits/portrait-883140e697971d4c.png","portrait","a72be1773065e7bad4521e2dc3607e6a19c43c820b5a9dd165a9c09925638b28","Retained portrait bytes relocated from legacy player folders; migration is not creation or permission evidence","docs/launch-readiness/evidence/L31-PORTRAIT-MIGRATION.json","Locate original creator/license or replace with documented original content"
"public/branding/portraits/portrait-899f793f52fa9dbb.png","portrait","95430c542cb0750a1ecaf6c714737f71501958087308919c4342e8f5683e2908","Retained portrait bytes relocated from legacy player folders; migration is not creation or permission evidence","docs/launch-readiness/evidence/L31-PORTRAIT-MIGRATION.json","Locate original creator/license or replace with documented original content"
"public/branding/portraits/portrait-8ab0876b0f780567.png","portrait","197e5244dca7a30d652444580c8a460d5b49a495b001811c376852d4e71e2c8d","Retained portrait bytes relocated from legacy player folders; migration is not creation or permission evidence","docs/launch-readiness/evidence/L31-PORTRAIT-MIGRATION.json","Locate original creator/license or replace with documented original content"
"public/branding/portraits/portrait-8aeabc38535667c4.png","portrait","69a2ddfdc109b37b52c13cd4a512eabe715213bae421b3c7e5ec84077603ceb4","Retained portrait bytes relocated from legacy player folders; migration is not creation or permission evidence","docs/launch-readiness/evidence/L31-PORTRAIT-MIGRATION.json","Locate original creator/license or replace with documented original content"
"public/branding/portraits/portrait-8cf1323fc76c490f.png","portrait","681d60c449d0e3fb05198ca13bae871411b9df97d08be56adfccbf25fb5b19eb","Retained portrait bytes relocated from legacy player folders; migration is not creation or permission evidence","docs/launch-readiness/evidence/L31-PORTRAIT-MIGRATION.json","Locate original creator/license or replace with documented original content"
"public/branding/portraits/portrait-8eb64ad89eccd884.png","portrait","0e88c63be58f22db88f2dc62eb698b02b149c55513f1928ab8ffced3a0461f3a","Retained portrait bytes relocated from legacy player folders; migration is not creation or permission evidence","docs/launch-readiness/evidence/L31-PORTRAIT-MIGRATION.json","Locate original creator/license or replace with documented original content"
"public/branding/portraits/portrait-8fbc57f4927db6e1.png","portrait","6903db8eaeed6c72bf7fc92ba15bb1d97ff55ea2bc5f62846ebb9715d64e763e","Retained portrait bytes relocated from legacy player folders; migration is not creation or permission evidence","docs/launch-readiness/evidence/L31-PORTRAIT-MIGRATION.json","Locate original creator/license or replace with documented original content"
"public/branding/portraits/portrait-8ff8582ab3d4bd8d.png","portrait","90be4a4b5eaa9d5bda7c45315f264af3f360b2488f6e31944130e3da2591ae23","Retained portrait bytes relocated from legacy player folders; migration is not creation or permission evidence","docs/launch-readiness/evidence/L31-PORTRAIT-MIGRATION.json","Locate original creator/license or replace with documented original content"
"public/branding/portraits/portrait-9227490bb7984d59.png","portrait","e227a4ac8183104fc2a8de84da945cf56923a8a25286b6cbe69dfeef65ae34b3","Retained portrait bytes relocated from legacy player folders; migration is not creation or permission evidence","docs/launch-readiness/evidence/L31-PORTRAIT-MIGRATION.json","Locate original creator/license or replace with documented original content"
"public/branding/portraits/portrait-9a0745881859efae.png","portrait","872cfdb545bf80a2c85bf840a59f4f358026b7ed5d44ccb2f0d8b8fbf2cf31a8","Retained portrait bytes relocated from legacy player folders; migration is not creation or permission evidence","docs/launch-readiness/evidence/L31-PORTRAIT-MIGRATION.json","Locate original creator/license or replace with documented original content"
"public/branding/portraits/portrait-9aa5c4fd16887ffd.png","portrait","4248bfec0afd99eb770f9a3f766cb7f4da1f223029fcdc06f510abe387a22f67","Retained portrait bytes relocated from legacy player folders; migration is not creation or permission evidence","docs/launch-readiness/evidence/L31-PORTRAIT-MIGRATION.json","Locate original creator/license or replace with documented original content"
"public/branding/portraits/portrait-9ce7888bb7e678b4.png","portrait","82f39e4e85b6db853b4b0221bf155f02769e0f0d64e10d7901be3209a40bba89","Retained portrait bytes relocated from legacy player folders; migration is not creation or permission evidence","docs/launch-readiness/evidence/L31-PORTRAIT-MIGRATION.json","Locate original creator/license or replace with documented original content"
"public/branding/portraits/portrait-9cf1c1953a5578e3.png","portrait","ac12ceefaf124e3678b8c3e11ceaf4c81947a1fca7acd7f59106ea8d8bd04adf","Retained portrait bytes relocated from legacy player folders; migration is not creation or permission evidence","docs/launch-readiness/evidence/L31-PORTRAIT-MIGRATION.json","Locate original creator/license or replace with documented original content"
"public/branding/portraits/portrait-a52c8d92ab671114.png","portrait","ac2a18882265e5526407660f861987aa46af62b645515bde3bcc37ffa071d2d6","Retained portrait bytes relocated from legacy player folders; migration is not creation or permission evidence","docs/launch-readiness/evidence/L31-PORTRAIT-MIGRATION.json","Locate original creator/license or replace with documented original content"
"public/branding/portraits/portrait-a552734079e4a2c7.png","portrait","20013de88141d00eb70d20b332fd83304a0e7c31f4bc8c356e596177ce2655a5","Retained portrait bytes relocated from legacy player folders; migration is not creation or permission evidence","docs/launch-readiness/evidence/L31-PORTRAIT-MIGRATION.json","Locate original creator/license or replace with documented original content"
"public/branding/portraits/portrait-a5968c456caece25.png","portrait","72a894e177f3f043e82f56f538b563a7ab8e5da5c00d4e6d053714ac6a9f7be0","Retained portrait bytes relocated from legacy player folders; migration is not creation or permission evidence","docs/launch-readiness/evidence/L31-PORTRAIT-MIGRATION.json","Locate original creator/license or replace with documented original content"
"public/branding/portraits/portrait-a6be62fe67f5addc.png","portrait","7504b080c6060a803356abe04c784cba9175adadfe3ffaf44b76ed766ec6c5fe","Retained portrait bytes relocated from legacy player folders; migration is not creation or permission evidence","docs/launch-readiness/evidence/L31-PORTRAIT-MIGRATION.json","Locate original creator/license or replace with documented original content"
"public/branding/portraits/portrait-a77f4a0a060ade29.png","portrait","5ad097d5037c68701b364716e00d770fa5e1d85b335c7ad40c8e19b5f78c5f22","Retained portrait bytes relocated from legacy player folders; migration is not creation or permission evidence","docs/launch-readiness/evidence/L31-PORTRAIT-MIGRATION.json","Locate original creator/license or replace with documented original content"
"public/branding/portraits/portrait-a85cb75f6fabe414.png","portrait","8944310a1291c9760fa3f56690704d17046c0a0cfe09b76d477941c4b54a48e2","Retained portrait bytes relocated from legacy player folders; migration is not creation or permission evidence","docs/launch-readiness/evidence/L31-PORTRAIT-MIGRATION.json","Locate original creator/license or replace with documented original content"
"public/branding/portraits/portrait-aa4b2c4b43a1d98e.png","portrait","828693e9851211222ba15250e2bcf3750ec710a1d54e2a7376ba1b71ca6b66a2","Retained portrait bytes relocated from legacy player folders; migration is not creation or permission evidence","docs/launch-readiness/evidence/L31-PORTRAIT-MIGRATION.json","Locate original creator/license or replace with documented original content"
"public/branding/portraits/portrait-ac35c82609faaeea.png","portrait","5feec679d6abfa4ea2ec4b2e45b46ce871ba923145357977acb86b75857855f0","Retained portrait bytes relocated from legacy player folders; migration is not creation or permission evidence","docs/launch-readiness/evidence/L31-PORTRAIT-MIGRATION.json","Locate original creator/license or replace with documented original content"
"public/branding/portraits/portrait-adc92d15c610e58f.png","portrait","8f9c53538f33f0c760ab475c680baf82ce303d3e84d7d3c821e9d1d7b869e29e","Retained portrait bytes relocated from legacy player folders; migration is not creation or permission evidence","docs/launch-readiness/evidence/L31-PORTRAIT-MIGRATION.json","Locate original creator/license or replace with documented original content"
"public/branding/portraits/portrait-b10e296662db2d9f.png","portrait","a68e63e139b3a1ba7deea5e94011e20da0ee93887fd3d68e3d8392438e3363a8","Retained portrait bytes relocated from legacy player folders; migration is not creation or permission evidence","docs/launch-readiness/evidence/L31-PORTRAIT-MIGRATION.json","Locate original creator/license or replace with documented original content"
"public/branding/portraits/portrait-b120c64788d1fcdf.png","portrait","60bf55e0447f0965480545d39dc397fd86067192d66c119fa21773dd300d288b","Retained portrait bytes relocated from legacy player folders; migration is not creation or permission evidence","docs/launch-readiness/evidence/L31-PORTRAIT-MIGRATION.json","Locate original creator/license or replace with documented original content"
"public/branding/portraits/portrait-b6f6c3be24c789da.png","portrait","db55f4358eb51af2673061e1e6c06446f9d5247be1ee575d6fe307bef9718c9e","Retained portrait bytes relocated from legacy player folders; migration is not creation or permission evidence","docs/launch-readiness/evidence/L31-PORTRAIT-MIGRATION.json","Locate original creator/license or replace with documented original content"
"public/branding/portraits/portrait-b78fe61c27b70a68.png","portrait","f5e39e76531ad754bda43d906e7ddf7cd726d1a7bf1e1492c80b1fc833f98a25","Retained portrait bytes relocated from legacy player folders; migration is not creation or permission evidence","docs/launch-readiness/evidence/L31-PORTRAIT-MIGRATION.json","Locate original creator/license or replace with documented original content"
"public/branding/portraits/portrait-b7fbd0efff939f1d.png","portrait","1c13f8119fe1dc4d7414177aa20a5bae00e77ebd4aee2ec232e6ab2c5af0a5c5","Retained portrait bytes relocated from legacy player folders; migration is not creation or permission evidence","docs/launch-readiness/evidence/L31-PORTRAIT-MIGRATION.json","Locate original creator/license or replace with documented original content"
"public/branding/portraits/portrait-bc5a112a6f3d3351.png","portrait","66ae51001fe08e60200ed26435ddc3e272bcc5970bf3e5c205776138be8a7ba4","Retained portrait bytes relocated from legacy player folders; migration is not creation or permission evidence","docs/launch-readiness/evidence/L31-PORTRAIT-MIGRATION.json","Locate original creator/license or replace with documented original content"
"public/branding/portraits/portrait-beb42b2056d27bbc.png","portrait","78856e1318cf2f4e11a313cdf34127714b1a71da51d205b7dfebb4a9298458a3","Retained portrait bytes relocated from legacy player folders; migration is not creation or permission evidence","docs/launch-readiness/evidence/L31-PORTRAIT-MIGRATION.json","Locate original creator/license or replace with documented original content"
"public/branding/portraits/portrait-c13150c47cf7be1d.png","portrait","f6f0145de4a5d181a7d23b9cc3569d7e2ebf95873563b8d196ce20766d23eaba","Retained portrait bytes relocated from legacy player folders; migration is not creation or permission evidence","docs/launch-readiness/evidence/L31-PORTRAIT-MIGRATION.json","Locate original creator/license or replace with documented original content"
"public/branding/portraits/portrait-cad03bdf306ac850.png","portrait","bc7c372773644704fe0800aefa9642f897c30e60b9f00015d16233dd7853fb5e","Retained portrait bytes relocated from legacy player folders; migration is not creation or permission evidence","docs/launch-readiness/evidence/L31-PORTRAIT-MIGRATION.json","Locate original creator/license or replace with documented original content"
"public/branding/portraits/portrait-cdd486791d1489ab.png","portrait","7496dbc7be7e023475096c623d863847e35da090f8601472458603dda8bba1ac","Retained portrait bytes relocated from legacy player folders; migration is not creation or permission evidence","docs/launch-readiness/evidence/L31-PORTRAIT-MIGRATION.json","Locate original creator/license or replace with documented original content"
"public/branding/portraits/portrait-cdfecfc6c23e67f8.png","portrait","8af9a771bda57d9046e051318d75969a7a50b4d765a7045e8e36d2a80d3f22ff","Retained portrait bytes relocated from legacy player folders; migration is not creation or permission evidence","docs/launch-readiness/evidence/L31-PORTRAIT-MIGRATION.json","Locate original creator/license or replace with documented original content"
"public/branding/portraits/portrait-d3d54793928c9a8e.png","portrait","f6277141fa33d0a8156999363ffc101b025f1ccd0f9deae663e55f87542de868","Retained portrait bytes relocated from legacy player folders; migration is not creation or permission evidence","docs/launch-readiness/evidence/L31-PORTRAIT-MIGRATION.json","Locate original creator/license or replace with documented original content"
"public/branding/portraits/portrait-d528db356a2988f9.png","portrait","4c4b18826af0d4edf44692f54ae9686d92f65e5a4b673d589f42d644d43c6cc3","Retained portrait bytes relocated from legacy player folders; migration is not creation or permission evidence","docs/launch-readiness/evidence/L31-PORTRAIT-MIGRATION.json","Locate original creator/license or replace with documented original content"
"public/branding/portraits/portrait-d63f0dfa6eee96a2.png","portrait","fa6c0d062464e177eca4cdafd0a4d0bf1f5a3da6584f0fc4d22de9be1c7624d2","Retained portrait bytes relocated from legacy player folders; migration is not creation or permission evidence","docs/launch-readiness/evidence/L31-PORTRAIT-MIGRATION.json","Locate original creator/license or replace with documented original content"
"public/branding/portraits/portrait-d70dc1479dcffb83.png","portrait","4d98423658e56bd6bea1dde68bd3576f2090b12849d406e044a02238a746ccb7","Retained portrait bytes relocated from legacy player folders; migration is not creation or permission evidence","docs/launch-readiness/evidence/L31-PORTRAIT-MIGRATION.json","Locate original creator/license or replace with documented original content"
"public/branding/portraits/portrait-d8384071152da245.png","portrait","7aff591f37a226242b89de23fea39eee48ec18dbcd59afed3015fb066fc3daf1","Retained portrait bytes relocated from legacy player folders; migration is not creation or permission evidence","docs/launch-readiness/evidence/L31-PORTRAIT-MIGRATION.json","Locate original creator/license or replace with documented original content"
"public/branding/portraits/portrait-da85e1ce1273d30e.png","portrait","18cfcd1424effb6de0378b02993ef11289adc15de615c13c2874bbf4e12338a5","Retained portrait bytes relocated from legacy player folders; migration is not creation or permission evidence","docs/launch-readiness/evidence/L31-PORTRAIT-MIGRATION.json","Locate original creator/license or replace with documented original content"
"public/branding/portraits/portrait-ddd2c5d8a1034003.png","portrait","26fead11a312b97540e0c7f870a87114c0a2ff3eaa646c0c6f36dbdc009bedce","Retained portrait bytes relocated from legacy player folders; migration is not creation or permission evidence","docs/launch-readiness/evidence/L31-PORTRAIT-MIGRATION.json","Locate original creator/license or replace with documented original content"
"public/branding/portraits/portrait-e1a81df60ed9db91.png","portrait","8eca57c1519104dce99306a6136d9950df87ed56d4b754dd343db6b51a3524e8","Retained portrait bytes relocated from legacy player folders; migration is not creation or permission evidence","docs/launch-readiness/evidence/L31-PORTRAIT-MIGRATION.json","Locate original creator/license or replace with documented original content"
"public/branding/portraits/portrait-e2aa3b632427e1e3.png","portrait","11ecd16db7052ac750f14dae4970cf97c5d67656489536e332428d1b49563326","Retained portrait bytes relocated from legacy player folders; migration is not creation or permission evidence","docs/launch-readiness/evidence/L31-PORTRAIT-MIGRATION.json","Locate original creator/license or replace with documented original content"
"public/branding/portraits/portrait-e3d0894992101045.png","portrait","aba01ccbb1464645f95cb0284cbf0abbb8d2422b8cf6477ee49d377100d211a4","Retained portrait bytes relocated from legacy player folders; migration is not creation or permission evidence","docs/launch-readiness/evidence/L31-PORTRAIT-MIGRATION.json","Locate original creator/license or replace with documented original content"
"public/branding/portraits/portrait-e448beb9844900af.png","portrait","5633c6c7e4aca7758ee323faf144921a551a1000f4373d6d601ac0fe0d0b91ee","Retained portrait bytes relocated from legacy player folders; migration is not creation or permission evidence","docs/launch-readiness/evidence/L31-PORTRAIT-MIGRATION.json","Locate original creator/license or replace with documented original content"
"public/branding/portraits/portrait-e4c399ba8cc17ece.png","portrait","5b19d6498c919d822b8a926e04923808322aa96d344dc0bb65893739538c1c12","Retained portrait bytes relocated from legacy player folders; migration is not creation or permission evidence","docs/launch-readiness/evidence/L31-PORTRAIT-MIGRATION.json","Locate original creator/license or replace with documented original content"
"public/branding/portraits/portrait-e5fb58d32e6b993c.png","portrait","1416b9b359e9ef95078a4da06787e104ee406da6543b23c918a68ed9f81ae807","Retained portrait bytes relocated from legacy player folders; migration is not creation or permission evidence","docs/launch-readiness/evidence/L31-PORTRAIT-MIGRATION.json","Locate original creator/license or replace with documented original content"
"public/branding/portraits/portrait-e6216f6a217b5ac9.png","portrait","d9b682268be92e4a8ab866a4ce1811b72c98be80567f151dd013e9e857e282ca","Retained portrait bytes relocated from legacy player folders; migration is not creation or permission evidence","docs/launch-readiness/evidence/L31-PORTRAIT-MIGRATION.json","Locate original creator/license or replace with documented original content"
"public/branding/portraits/portrait-e7ce2d6ddeb46904.png","portrait","eb87a2a812d98a7bcb1420f7cf326282fdef8a017bcf7192da35e2c73f62f367","Retained portrait bytes relocated from legacy player folders; migration is not creation or permission evidence","docs/launch-readiness/evidence/L31-PORTRAIT-MIGRATION.json","Locate original creator/license or replace with documented original content"
"public/branding/portraits/portrait-e87ff5efec1966a7.png","portrait","4e96029f07994b4479f37628ce854853795a0055a4656bf87195a9d3142c1e59","Retained portrait bytes relocated from legacy player folders; migration is not creation or permission evidence","docs/launch-readiness/evidence/L31-PORTRAIT-MIGRATION.json","Locate original creator/license or replace with documented original content"
"public/branding/portraits/portrait-e89b948305e87d60.png","portrait","04c614c93f6a0f8570cb2f3d32456c95876eafc0b34c3b7fc43d487499a7a71f","Retained portrait bytes relocated from legacy player folders; migration is not creation or permission evidence","docs/launch-readiness/evidence/L31-PORTRAIT-MIGRATION.json","Locate original creator/license or replace with documented original content"
"public/branding/portraits/portrait-ea69db6b531b57c6.png","portrait","c51edf364491ea1723def2fac2560c1e627814988102f9d0ddb915675d195425","Retained portrait bytes relocated from legacy player folders; migration is not creation or permission evidence","docs/launch-readiness/evidence/L31-PORTRAIT-MIGRATION.json","Locate original creator/license or replace with documented original content"
"public/branding/portraits/portrait-ebd36871d250dcb7.png","portrait","cf824f1c8c951f3af32f0349106a9a78583085c9c21113d0d41b62ef7d2c49b3","Retained portrait bytes relocated from legacy player folders; migration is not creation or permission evidence","docs/launch-readiness/evidence/L31-PORTRAIT-MIGRATION.json","Locate original creator/license or replace with documented original content"
"public/branding/portraits/portrait-f0b2e14c4c44273b.png","portrait","451ce09bde45a17923192317d03be8237359ec29b9e4009b575e8fda153e6880","Retained portrait bytes relocated from legacy player folders; migration is not creation or permission evidence","docs/launch-readiness/evidence/L31-PORTRAIT-MIGRATION.json","Locate original creator/license or replace with documented original content"
"public/branding/portraits/portrait-f568db2f0cfc3e73.png","portrait","5678d6bc4702c41540a214d42e752f2b1ebd117b06f3e8b465fc8866ecc09581","Retained portrait bytes relocated from legacy player folders; migration is not creation or permission evidence","docs/launch-readiness/evidence/L31-PORTRAIT-MIGRATION.json","Locate original creator/license or replace with documented original content"
"public/branding/portraits/portrait-f7c888a738f25cfa.png","portrait","8aeb149ef4e70a41acac05db00e9c845f74db1d2a9bacf4d987547130dfc010d","Retained portrait bytes relocated from legacy player folders; migration is not creation or permission evidence","docs/launch-readiness/evidence/L31-PORTRAIT-MIGRATION.json","Locate original creator/license or replace with documented original content"
"public/branding/portraits/portrait-f86c247f211368a1.png","portrait","fb57d68b43088dc87865cb8e3b865fff6cc408a8f21b38f7be82d35cdae7aeae","Retained portrait bytes relocated from legacy player folders; migration is not creation or permission evidence","docs/launch-readiness/evidence/L31-PORTRAIT-MIGRATION.json","Locate original creator/license or replace with documented original content"
"public/branding/portraits/portrait-f880442c1ab1368a.png","portrait","5daa39bc507100bc9e922976c04efb8c5b492af637aa3723803dfef331d53255","Retained portrait bytes relocated from legacy player folders; migration is not creation or permission evidence","docs/launch-readiness/evidence/L31-PORTRAIT-MIGRATION.json","Locate original creator/license or replace with documented original content"
"public/branding/portraits/portrait-f97cd98864cf5b95.png","portrait","8b8b03e95d9dae3ab89c844e2af00448e207287b4d42b5538ddd452f20acee6e","Retained portrait bytes relocated from legacy player folders; migration is not creation or permission evidence","docs/launch-readiness/evidence/L31-PORTRAIT-MIGRATION.json","Locate original creator/license or replace with documented original content"
"public/branding/portraits/portrait-fa471fe696876ecb.png","portrait","d1727e8e1ddbed628ad21ece7c893d8ecb5f7499d88f2af560b26ade66c6ab39","Retained portrait bytes relocated from legacy player folders; migration is not creation or permission evidence","docs/launch-readiness/evidence/L31-PORTRAIT-MIGRATION.json","Locate original creator/license or replace with documented original content"
"public/branding/portraits/portrait-fb342ed095ed2df7.png","portrait","8a83be9642d062833e99c4943a44058d62af4d94c6dcdfe009019654d522eb82","Retained portrait bytes relocated from legacy player folders; migration is not creation or permission evidence","docs/launch-readiness/evidence/L31-PORTRAIT-MIGRATION.json","Locate original creator/license or replace with documented original content"
"public/branding/portraits/portrait-fce8522d40972441.png","portrait","344a69b919fcf952a2d478e9edb6ac49017e4e5b1cfc2355eb9700139f7bd68c","Retained portrait bytes relocated from legacy player folders; migration is not creation or permission evidence","docs/launch-readiness/evidence/L31-PORTRAIT-MIGRATION.json","Locate original creator/license or replace with documented original content"
"public/branding/portraits/portrait-fdb22cea07a253ec.png","portrait","28b801462aab6abc992cd1e272ea081370967df6bf2751ca03c1d2bf6fcee906","Retained portrait bytes relocated from legacy player folders; migration is not creation or permission evidence","docs/launch-readiness/evidence/L31-PORTRAIT-MIGRATION.json","Locate original creator/license or replace with documented original content"
"public/branding/portraits/portrait-fde0d9c910f9c8e1.png","portrait","e0f47e68aab0fcd2262e56e185c35427199624295775cc6f3792a88aae4e5218","Retained portrait bytes relocated from legacy player folders; migration is not creation or permission evidence","docs/launch-readiness/evidence/L31-PORTRAIT-MIGRATION.json","Locate original creator/license or replace with documented original content"
"public/data/snapshot/players.json","database","1663a49d9dc6fc92e1a95922fb71adcd3d864dbd34ad0c270a88968df8abce83","Existing source/sanitization records are not permission evidence","public/data/snapshot/sources.json","Locate original creator/license or replace with documented original content"
"public/data/snapshot/sources.json","database","3379950a9679b957982c982958bab32798203fd530fa93c0cb006fa4bbadbd81","Existing source/sanitization records are not permission evidence","public/data/snapshot/sources.json","Locate original creator/license or replace with documented original content"
"public/data/snapshot/teams.json","database","1d175e66684c7b0b31d8d46d9dd99b81bf07a64d4cd7249d613997363f46285b","Existing source/sanitization records are not permission evidence","public/data/snapshot/sources.json","Locate original creator/license or replace with documented original content"
"public/data/snapshot/tournaments.json","database","94e05ffc11e1e6b17340f273bebebc1deee7700a4f825875dccf8dcd2d7c8938","Existing source/sanitization records are not permission evidence","public/data/snapshot/sources.json","Locate original creator/license or replace with documented original content"
"public/facilities/fanzone.png","artwork-other","5f08ef8717db847e9f2e478ea988811c1ffdc4c5de59f0d14773875e94f31b97","No item-specific permission located","","Locate original creator/license or replace with documented original content"
"public/facilities/recovery.png","artwork-other","593d0fa0fcea70111f251b13a0173aaa2a17db43454c48129180b4f202a08baa","No item-specific permission located","","Locate original creator/license or replace with documented original content"
"public/facilities/tactical.png","artwork-other","7341c2ed7542f2e9a27fb2aff54cbdc14a6b449371f0617d0d80724b14e3dfb3","No item-specific permission located","","Locate original creator/license or replace with documented original content"
"public/facilities/training.png","artwork-other","199409b1ccfb2ca69a5d6b5cd117a9b6f3d4d9c1499f60abf312c8b185b927d5","No item-specific permission located","","Locate original creator/license or replace with documented original content"
"public/hltvrankiing","database","dd54e96efab540f21601284f29bf9c8b6919eb30434584d8eea37f649445c9f5","Existing source/sanitization records are not permission evidence","public/data/snapshot/sources.json","Locate original creator/license or replace with documented original content"
"public/map-studio/drafts/mirage-registered-review.json","user-draft-mixed","acf4b4207e94f9f18a95f41122e1ed17f8176a07085acb7359ccbde4f8e3d9a9","Owner annotations mixed with imported radar outlines and CS2Nades lineups; retain original backup","docs/MAP-STUDIO-TACTICAL.md","Locate original creator/license or replace with documented original content"
"public/map-studio/drafts/mirage-user-areas-2026-09-13.json","user-draft-mixed","46e2c94658a547f6d8bf7d4af8643e3b690e946b14060daece37fc8315c11e65","Owner annotations mixed with imported radar outlines and CS2Nades lineups; retain original backup","docs/MAP-STUDIO-TACTICAL.md","Locate original creator/license or replace with documented original content"
"public/map-studio/drafts/mirage-user-draft-2026-09-12.json","user-draft-mixed","a61c264c82cc2e984fdc04dc78b0816d3185f818ac3664692d0f36bf2d936d46","Owner annotations mixed with imported radar outlines and CS2Nades lineups; retain original backup","docs/MAP-STUDIO-TACTICAL.md","Locate original creator/license or replace with documented original content"
"public/map-studio/drafts/mirage-user-v12-2026-09-13.json","user-draft-mixed","efc599edc2dcfd27d450e734d476ff94426c98bb2ef631e96ca09f63d91a8fe2","Owner annotations mixed with imported radar outlines and CS2Nades lineups; retain original backup","docs/MAP-STUDIO-TACTICAL.md","Locate original creator/license or replace with documented original content"
"public/map-studio/drafts/mirage-v12-with-reference-routes.json","user-draft-mixed","3f71f77c982365575bce8770c6e8056f2851808da5623fd556a028b4ed0c0847","Owner annotations mixed with imported radar outlines and CS2Nades lineups; retain original backup","docs/MAP-STUDIO-TACTICAL.md","Locate original creator/license or replace with documented original content"
"public/map-studio/encounters/l11/clear-duel.lab.json","artwork-other","32d4c4529f5ef8159d1f93654cc756bd42a8f5cb0b7b53b883d7d01469bccdef","No item-specific permission located","","Locate original creator/license or replace with documented original content"
"public/map-studio/encounters/l11/empty-magazine.lab.json","artwork-other","d4e3ba08537deefb4e62916b13c43aa737978de65b952032d5bf045f203ae953","No item-specific permission located","","Locate original creator/license or replace with documented original content"
"public/map-studio/encounters/l11/facing-away.lab.json","artwork-other","bf3182850ccbee5219d106f5b443c049ec3437bdd209633b8b2b49d6da9dd6db","No item-specific permission located","","Locate original creator/license or replace with documented original content"
"public/map-studio/encounters/l11/index.json","artwork-other","dfe0eff37ae20d9cc9bab970f1588063eaf7bbad90fb834ca143c40d1d6d9612","No item-specific permission located","","Locate original creator/license or replace with documented original content"
"public/map-studio/encounters/l11/opaque-wall.lab.json","artwork-other","af8062302c4c63bc6e6e6d0370bbae4b0a4d67efe01be42f163050b09c63a2a5","No item-specific permission located","","Locate original creator/license or replace with documented original content"
"public/map-studio/encounters/l11/simultaneous-trade.lab.json","artwork-other","e792ed32ad6af68174a9a276d1c8fdffb4addcc16b9b1aab6ccf999af8948979","No item-specific permission located","","Locate original creator/license or replace with documented original content"
"public/map-studio/encounters/l12/index.json","artwork-other","3357f8994d66c3e85eb860e20de47ae5bfe5a493b110432f51e974316f6570a6","No item-specific permission located","","Locate original creator/license or replace with documented original content"
"public/map-studio/encounters/l12/utility-decoy.lab.json","artwork-other","297901551782f7e67cf2990d6690300f11dc02afcd0ebe5355b387bc2f1e68d4","No item-specific permission located","","Locate original creator/license or replace with documented original content"
"public/map-studio/encounters/l12/utility-fire.lab.json","artwork-other","008127573219205467754027a48134dfba33a59dd22dc7c837ff1c83a03b93fa","No item-specific permission located","","Locate original creator/license or replace with documented original content"
"public/map-studio/encounters/l12/utility-flash.lab.json","artwork-other","8142632c86d19fcea417783587923ed6607200ff93fd81b2a04a0fec06806b7c","No item-specific permission located","","Locate original creator/license or replace with documented original content"
"public/map-studio/encounters/l12/utility-he.lab.json","artwork-other","18f6d4aef4c8c00d62a5c180600d01142609ae2a1cc9927217c248b4af3ea5a5","No item-specific permission located","","Locate original creator/license or replace with documented original content"
"public/map-studio/encounters/l12/utility-smoke.lab.json","artwork-other","af42af59c4beeedaabe3f57a2bbf0055e278c2d6f35960af63d83d343ad50fe5","No item-specific permission located","","Locate original creator/license or replace with documented original content"
"public/map-studio/registration.json","artwork-other","a4fe35070975d6158bf15ae52e6834464b8a071e19acf8962eae5062a60799bd","No item-specific permission located","","Locate original creator/license or replace with documented original content"
"public/map-studio/reviews/mirage-v12/a-to-b.lab.json","artwork-other","5b45ad9f1d22e91002c5b78916c8f37eced8f7a605e5735cca53ddaaef65a3d8","No item-specific permission located","","Locate original creator/license or replace with documented original content"
"public/map-studio/reviews/mirage-v12/a-to-ct.lab.json","artwork-other","da5d860e07fb05b5e90c66a98f4044472847f5a32e8e1bfc0373b550c59d9865","No item-specific permission located","","Locate original creator/license or replace with documented original content"
"public/map-studio/reviews/mirage-v12/a-to-t.lab.json","artwork-other","f1316f15e35296e6ecbc970a9949c6844a754ac896be213476d1951e4f0f4225","No item-specific permission located","","Locate original creator/license or replace with documented original content"
"public/map-studio/reviews/mirage-v12/audit.json","artwork-other","df7c1ed63f4d147b6ff6e89c9880693556d3bc4e5afe866b326fb3ea639c5ff4","No item-specific permission located","","Locate original creator/license or replace with documented original content"
"public/map-studio/reviews/mirage-v12/b-to-a.lab.json","artwork-other","148bfb4c2ec2ff17bc60c04424f5018a32a65628e1bf0d1dbc8f08d9f46d41ec","No item-specific permission located","","Locate original creator/license or replace with documented original content"
"public/map-studio/reviews/mirage-v12/b-to-ct.lab.json","artwork-other","67989a73a2ef7aa275b8d9bacb191bd70663cd1bf0159c4ddce332304768c927","No item-specific permission located","","Locate original creator/license or replace with documented original content"
"public/map-studio/reviews/mirage-v12/b-to-t.lab.json","artwork-other","b2e84b4f9988734e3f3809c48e4930fe4af003b5177749768a3a2e28fe0ed2c3","No item-specific permission located","","Locate original creator/license or replace with documented original content"
"public/map-studio/reviews/mirage-v12/ct-to-a.lab.json","artwork-other","b7af129f8081307e9b52f3c987eb0308f9a3063dbf15cf935a31016c6128bcd2","No item-specific permission located","","Locate original creator/license or replace with documented original content"
"public/map-studio/reviews/mirage-v12/ct-to-b.lab.json","artwork-other","a3399bdc5413f1b580279a668e19572ee0dcc2cd4fca463e4d7431403471ee35","No item-specific permission located","","Locate original creator/license or replace with documented original content"
"public/map-studio/reviews/mirage-v12/routes.json","artwork-other","3d485469b3520e975513d229554281ceaf941c84edb11392895111505db5c231","No item-specific permission located","","Locate original creator/license or replace with documented original content"
"public/map-studio/reviews/mirage-v12/t-to-a.lab.json","artwork-other","d5917d30c3dd1d805992769af0b16b95579506270218db29f65b98e28ded7b50","No item-specific permission located","","Locate original creator/license or replace with documented original content"
"public/map-studio/reviews/mirage-v12/t-to-b.lab.json","artwork-other","132b2b217e9e88cd9c87d1f6b9b2d48ba5d3115203d925cbbb332df88dba3d4a","No item-specific permission located","","Locate original creator/license or replace with documented original content"
"public/map-studio/teams/l13/deadline-save.lab.json","artwork-other","c9b35571e5a118e71b565b15e1e1eb7b00a951319b485898664b6749a8c2b656","No item-specific permission located","","Locate original creator/license or replace with documented original content"
"public/map-studio/teams/l13/delayed-radio.lab.json","artwork-other","7802093677ef6c46833024fb965bc8f48c811daf022c2bd9af447449168e735c","No item-specific permission located","","Locate original creator/license or replace with documented original content"
"public/map-studio/teams/l13/execute.lab.json","artwork-other","1719dccd938700c5c0792f123d0bc40fdc4f44811ed9af3f2b760c3c16a934b3","No item-specific permission located","","Locate original creator/license or replace with documented original content"
"public/map-studio/teams/l13/index.json","artwork-other","d48562c29a9e821b5f3de5754d8a855a76f118f0de1c076b7f07030b0e4cd2f6","No item-specific permission located","","Locate original creator/license or replace with documented original content"
"public/map-studio/teams/l13/retake.lab.json","artwork-other","da89f6c0397047a16cf59c33d33fe0ee7258f99bbffc2024541513cda320ab43","No item-specific permission located","","Locate original creator/license or replace with documented original content"
"public/map-studio/teams/l13/support-smoke.lab.json","artwork-other","258b3fbe2ece6ad4d8cd17ef16c772aafc59160c77f7f2862cba4217935feae9","No item-specific permission located","","Locate original creator/license or replace with documented original content"
"public/map-studio/teams/l13/trade-clutch.lab.json","artwork-other","0d66940d6ac0bd56102c62c8a91449aec0fa09ec94f479fa34d915dbf27364d3","No item-specific permission located","","Locate original creator/license or replace with documented original content"
"public/player_placeholder.webp","portrait","90a23c1b3460f69b1de58fb45d821a356e7e2bed7ab3f12241e00a16d39a4c93","Existing generated/edited artwork claims; original inputs, model terms and likeness review required","public/data/snapshot/sources.json","Locate original creator/license or replace with documented original content"
"public/staff_placeholder.webp","portrait","9c45fd55366b7b9b6d8ccb36f258e73c29d1b47883730d2a0b523fdf4bd010cf","Existing generated/edited artwork claims; original inputs, model terms and likeness review required","public/data/snapshot/sources.json","Locate original creator/license or replace with documented original content"
"public/team_placeholder.webp","portrait","71049e99597144c548cf1fbdc53cdbb83b9d92fef6412ff75ec0474cb728f933","Existing generated/edited artwork claims; original inputs, model terms and likeness review required","public/data/snapshot/sources.json","Locate original creator/license or replace with documented original content"
